Formulation Index,Drug SMILES,Profile Duration,AUC,AUC Class,Fold,Release_24h,Release_48h,Release_72h
1,CC1CC(=CCC2CC(CC3(O2)CC(=NOC)C(C(O3)C(=CC(C)C)C)C)OC(=O)C4C=C(C(C5C4(C(=CC=C1)CO5)O)O)C)C,237.732283464566,0.28530360681851324,AUC <= 0.5,0,0.033137638617090626,0.06249999999999994,0.06139048084987413
2,O=C1C=CC2(C(=C1)CCC3C4CC(C)C(O)(C(=O)CO)C4(C)CC(O)C32F)C,20.0356809600015,0.890264144226136,AUC > 0.5,0,0.5761231122156368,0.6982221372586499,0.7753420225550001
3,O=C1C=CC2(C(=C1)CCC3C4CC(C)C(O)(C(=O)CO)C4(C)CC(O)C32F)C,20.0350040854215,0.6968273054708087,AUC > 0.5,0,0.17490936844113716,0.2192101226993859,0.3518766756032176
4,O=C1C=CC2(C(=C1)CCC3C4CC(C)C(O)(C(=O)CO)C4(C)CC(O)C32F)C,20.0357776563701,0.6830041287370914,AUC > 0.5,0,0.08939393939393929,0.12271510516252448,0.23926046897089678
5,O=C1C=CC2(C(=C1)CCC3C4CC(C)C(O)(C(=O)CO)C4(C)CC(O)C32F)C,20.0350040854215,0.6479940807308285,AUC > 0.5,0,0.0611169652265542,0.09575363427697128,0.20169515874155963
6,O=C1C=CC2(C(=C1)CCC3C4CC(C)C(O)(C(=O)CO)C4(C)CC(O)C32F)C,29.9469964664311,0.6974930165958554,AUC > 0.5,0,0.1411722786388746,0.19371537472853795,0.25606979151264175
7,O=C1C=CC2(C(=C1)CCC3C4CC(C)C(O)(C(=O)CO)C4(C)CC(O)C32F)C,29.9469964664311,0.5258632426468869,AUC > 0.5,0,0.04263370109442189,0.055026307212366746,0.07791445345261386
8,O=C1C=CC2(C(=C1)CCC3C4CC(C)C(O)(C(=O)CO)C4(C)CC(O)C32F)C,29.9469964664311,0.5186474495903861,AUC > 0.5,0,0.022546806532996934,0.03565582835655828,0.05922974767596267
9,O=C1C=CC2(C(=C1)CCC3C4CC(C)C(O)(C(=O)CO)C4(C)CC(O)C32F)C,29.9469964664311,0.5152695946104566,AUC > 0.5,0,0.014309189735810949,0.025273548447176098,0.03387881468376815
10,O=C1C=CC2(C(=C1)CCC3C4CC(C)C(O)(C(=O)CO)C4(C)CC(O)C32F)C,19.9676122403395,0.7408831541053702,AUC > 0.5,0,0.05743696852155775,0.14854185492483357,0.3195759604654882
11,O=C1C=CC2(C(=C1)CCC3C4CC(C)C(O)(C(=O)CO)C4(C)CC(O)C32F)C,19.9673729219183,0.7408380845854612,AUC > 0.5,0,0.07586206896551755,0.15881745211793677,0.28923027939186613
12,O=C1C=CC2(C(=C1)CCC3C4CC(C)C(O)(C(=O)CO)C4(C)CC(O)C32F)C,19.9672133763042,0.782585688207318,AUC > 0.5,0,0.14963364128703455,0.24460874922982173,0.4019264015806375
13,O=C1C=CC2(C(=C1)CCC3C4CC(C)C(O)(C(=O)CO)C4(C)CC(O)C32F)C,19.9675324675324,0.8561255268572335,AUC > 0.5,0,0.6273895330617363,0.6628063774093754,0.701563367986667
14,O=C1C=CC2(C(=C1)CCC3C4CC(C)C(O)(C(=O)CO)C4(C)CC(O)C32F)C,29.9487179487179,0.6278884514899018,AUC > 0.5,0,0.022615979381443333,0.035438144329896705,0.04862995116657635
15,O=C1C=CC2(C(=C1)CCC3C4CC(C)C(O)(C(=O)CO)C4(C)CC(O)C32F)C,29.8974358974359,0.6022837792435148,AUC > 0.5,0,0.026325478645066326,0.038659793814433,0.05957573354480575
16,O=C1C=CC2(C(=C1)CCC3C4CC(C)C(O)(C(=O)CO)C4(C)CC(O)C32F)C,29.9487179487179,0.6698206468012983,AUC > 0.5,0,0.06997422680412363,0.0850515463917525,0.13291605301914527
17,O=C1C=CC2(C(=C1)CCC3C4CC(C)C(O)(C(=O)CO)C4(C)CC(O)C32F)C,29.9487179487179,0.7658302146589462,AUC > 0.5,0,0.37573637702503837,0.43149755832881126,0.47063212154096556
18,O=C1C=CC2(C(=C1)CCC3C4CC(C)C(O)(C(=O)CO)C4(C)CC(O)C32F)C,40.0,0.24823335125585722,AUC <= 0.5,0,0.011773366261398178,0.023546732522796356,0.0333466312056737
19,O=C1C=CC2(C(=C1)CCC3C4CC(C)C(O)(C(=O)CO)C4(C)CC(O)C32F)C,39.9359996952366,0.41143246485720686,AUC <= 0.5,0,0.09114948731786329,0.1117523006134965,0.15324937253495904
20,O=C1C=C2CCC3C4CCC(O)(C(=O)CO)C4(C)CC(O)C3C2(C)CC1,30.0562537336548,0.6142655530209387,AUC > 0.5,1,0.04341113206324928,0.05867825402541025,0.09013422172664677
21,O=C(O)C=CC(=O)O.O=C(OC(C)C)C(NP(=O)(OC=1C=CC=CC1)COC(C)CN2C=NC=3C(=NC=NC32)N)C,14.9732620320855,0.6556555534221458,AUC > 0.5,1,0.19927253456665178,0.34788441692466515,0.5027749674808494
22,O=C(O)C=CC(=O)O.O=C(OC(C)C)C(NP(=O)(OC=1C=CC=CC1)COC(C)CN2C=NC=3C(=NC=NC32)N)C,15.0,0.6265285644281379,AUC > 0.5,1,0.10325844014543747,0.22783100165528467,0.4085818785788106
23,O=C(O)C=CC(=O)O.O=C(OC(C)C)C(NP(=O)(OC=1C=CC=CC1)COC(C)CN2C=NC=3C(=NC=NC32)N)C,15.0,0.5675770317111667,AUC > 0.5,1,0.06938099555225052,0.15170835104918648,0.3160152610885516
24,O=C(O)C=CC(=O)O.O=C(OC(C)C)C(NP(=O)(OC=1C=CC=CC1)COC(C)CN2C=NC=3C(=NC=NC32)N)C,15.0,0.6356772189396069,AUC > 0.5,1,0.10624801587038255,0.23282912342742956,0.4380793098649773
25,O=C(O)C=CC(=O)O.O=C(OC(C)C)C(NP(=O)(OC=1C=CC=CC1)COC(C)CN2C=NC=3C(=NC=NC32)N)C,15.0,0.5996188842061448,AUC > 0.5,1,0.10542885361260504,0.18727144314437913,0.34739079452943333
26,O=N1=C(N=C(C=C1N)N2CCCCC2)N,28.075509590688,0.8245101105309436,AUC > 0.5,3,0.17824536616543765,0.34357318262858677,0.5046576156971563
27,Cl.O=C1C2=CC(OC)=C(OC)C=C2CC1CC3CCN(CC=4C=CC=CC4)CC3,29.8905173270464,0.7189083002219542,AUC > 0.5,3,0.025067790519128375,0.05013558103825675,0.13484444444444477
28,Cl.O=C1C2=CC(OC)=C(OC)C=C2CC1CC3CCN(CC=4C=CC=CC4)CC3,29.8945265516898,0.6567930544783778,AUC > 0.5,3,0.01556865934661783,0.03113731869323566,0.08073331367344914
29,Cl.O=C1C2=CC(OC)=C(OC)C=C2CC1CC3CCN(CC=4C=CC=CC4)CC3,29.8515558875635,0.6422559546886571,AUC > 0.5,3,0.0063056330543376626,0.012611266108675325,0.03494454055154169
30,O=C(O)C1C2=CC=C(C(=O)C=3C=CC=CC3)N2CC1.OCC(N)(CO)CO,35.0821329432595,0.8826230056622771,AUC > 0.5,0,0.7336960596800666,0.7799422705995401,0.802423487891897
31,O=C(O)C1C2=CC=C(C(=O)C=3C=CC=CC3)N2CC1.OCC(N)(CO)CO,35.043695380774,0.9002581885031655,AUC > 0.5,0,0.7867205227205248,0.7752655570046865,0.8403953977867027
32,O=C(OC1C2=NC(=C(C(=O)N2CCC1)CCN3CCC(C4=NOC=5C=C(F)C=CC54)CC3)C)CCCCCCCCCCCCCCC,11.2144702842377,0.35600230748223993,AUC <= 0.5,3,0.01182728410513144,0.028855168339306275,0.06671110627414703
33,O=C(OC1C2=NC(=C(C(=O)N2CCC1)CCN3CCC(C4=NOC=5C=C(F)C=CC54)CC3)C)CCCCCCCCCCCCCCC,11.2144702842377,0.3558122241557819,AUC <= 0.5,3,0.005743058092802068,0.0257861146308662,0.05811495736129787
34,O=C(OC1C2=NC(=C(C(=O)N2CCC1)CCN3CCC(C4=NOC=5C=C(F)C=CC54)CC3)C)CCCCCCCCCCCCCCC,11.2144702842377,0.37501856026666364,AUC <= 0.5,3,0.005803190841553746,0.033244194995296995,0.06732211848661757
35,CC1CCC2CC(C(=CC=CC=CC(CC(C(=O)C(C(C(=CC(C(=O)CC(OC(=O)C3CCCCN3C(=O)C(=O)C1(O2)O)C(C)CC4CCC(C(C4)OC)O)C)C)O)OC)C)C)C)OC,29.9687010954616,0.7823819383660655,AUC > 0.5,4,0.25625,0.37092912393029476,0.48081351237684944
36,CC1CCC2CC(C(=CC=CC=CC(CC(C(=O)C(C(C(=CC(C(=O)CC(OC(=O)C3CCCCN3C(=O)C(=O)C1(O2)O)C(C)CC4CCC(C(C4)OC)O)C)C)O)OC)C)C)C)OC,119.999999999999,0.7288870831261394,AUC > 0.5,4,0.4309895833333344,0.4502777234134509,0.46539500527655864
37,O=S(=O)(N)C1=CC=C(C=C1)N2N=C(C=C2C=3C=CC(=CC3)C)C(F)(F)F,75.0233281493001,0.9022747895741414,AUC > 0.5,1,0.27597582547169736,0.3837971698113203,0.4672051886792448
38,O=S(=O)(N)C1=CC=C(C=C1)N2N=C(C=C2C=3C=CC(=CC3)C)C(F)(F)F,75.0233281493001,0.6006148502769169,AUC > 0.5,1,0.1962529481132069,0.2020371462264149,0.2181500589622639
39,O=C1C=C2CCC3C(CCC4(CC)C3CCC4(O)C#C)C2CC1,90.0414937759335,0.6823925983189415,AUC > 0.5,0,0.09061807580174927,0.17634110787172,0.1900218658892125
40,Cl.O=C1C2=CC=CC3=C2C(CN1C4CN5CCC4CC5)CCC3,59.9630850990167,0.5997906891353679,AUC > 0.5,1,0.10124346643117973,0.1517884161471884,0.21876578852399858
41,O=C1C2=CC=CC3=C2C(CN1C4CN5CCC4CC5)CCC3,34.8137665604948,0.7606581438356135,AUC > 0.5,3,0.22244771934509366,0.30208358194706314,0.391226520919354
42,O=C1C2=CC=CC3=C2C(CN1C4CN5CCC4CC5)CCC3,49.8714397821169,0.644106424880033,AUC > 0.5,3,0.20026916768305472,0.25926450376910537,0.3066940269535797
43,O=C1C(=C(N=C2N1CCCC2)C)CCN3CCC(C4=NOC=5C=C(F)C=CC54)CC3,40.1247865354483,0.5200112443966437,AUC > 0.5,3,0.0506968204404374,0.06390485339615308,0.07710799244157683
44,O=C1C(=C(N=C2N1CCCC2)C)CCN3CCC(C4=NOC=5C=C(F)C=CC54)CC3,40.1870389605816,0.40557703071406964,AUC <= 0.5,3,0.013769161994227074,0.016933128120785745,0.020097094247344415
45,O=C1C=CC2(C(=C1)CCC3C4CC5OC(OC5(C(=O)CO)C4(C)CC(O)C32)CCC)C,7.03559322033898,0.6437499285448881,AUC > 0.5,4,0.3809381845958733,0.5275805915586576,0.6466057016026757
46,O=C(O)CC(O)C(=O)O.O=C1NC2=CC=C(F)C=C2C1=CC=3NC(=C(C(=O)NCCN(CC)CC)C3C)C,28.9655172413793,0.5926028827372533,AUC > 0.5,3,0.13712871287128703,0.20412541254125413,0.2965717821782182
47,O=C(NC1=CC=C(Cl)C(=C1)C(F)(F)F)NC2=CC=C(OC=3C=CN=C(C3)C(=O)NC)C=C2F,29.9779142341343,0.5109429502163794,AUC > 0.5,4,0.149553636762769,0.23892822966507174,0.28577215505421905
48,OC=1C=C(C=C(O)C1C2C=C(C)CCC2C(=C)C)CCCCC,41.871089876498665,0.5821739576839403,AUC > 0.5,3,0.1754364496224922,0.2724998872962064,0.2970121427137118
49,OC=1C=C(C=C(O)C1C2C=C(C)CCC2C(=C)C)CCCCC,41.80633147113584,0.4616213808463242,AUC <= 0.5,3,0.12506000000000017,0.14638545454545443,0.16104126984126935
50,O=S(=O)(N)C1=CC=C(C=C1)N2N=C(C=C2C=3C=CC(=CC3)C)C(F)(F)F,30.0394736842105,0.9929978593531388,AUC > 0.5,1,0.6847158218125987,0.912982875348467,0.9772998805256871
51,ClC=1C=CC=CC1C(C=2C=CC=CC2)(C=3C=CC=CC3)N4C=NC=C4,30.0394736842105,0.6614943198677463,AUC > 0.5,3,0.246881720430108,0.269892473118279,0.326612903225806
52,O=C1OC(CC)C(O)(C)C(O)C(C(=O)C(C)CC(O)(C)C(OC2OC(C)CC(N(C)C)C2O)C(C)C(OC3OC(C)C(O)C(OC)(C)C3)C1C)C,30.078947368421,0.8934441410549465,AUC > 0.5,2,0.5765456989247316,0.6458850289495448,0.6724193548387092
53,O=C(O)C(C1=CC=C(C=C1)CC(C)C)C,30.078947368421,0.9693506053678731,AUC > 0.5,1,0.30293631100082685,0.5627584780810604,0.826612903225806
54,O=C(O)CC=1C=2C=C(OC)C=CC2N(C(=O)C3=CC=C(Cl)C=C3)C1C,30.078947368421,0.9041650791634891,AUC > 0.5,1,0.37999231950844875,0.4904838709677415,0.5888647642679897
55,O=C1NCCCN1C(C(=O)NC(CC=2C=CC=CC2)CC(O)C(NC(=O)COC=3C(=CC=CC3C)C)CC=4C=CC=CC4)C(C)C,30.0,0.8498275679117137,AUC > 0.5,3,0.5528329197684029,0.5842638544251441,0.6139486260453997
56,O=C(OCC=1SC=NC1)NC(CC=2C=CC=CC2)C(O)CC(NC(=O)C(NC(=O)N(C)CC=3N=C(SC3)C(C)C)C(C)C)CC=4C=CC=CC4,30.0394736842105,0.9311363443686131,AUC > 0.5,1,0.5253308519437547,0.6117741935483867,0.6671836228287841
57,O=C1C(=C(N=C2N1CCCC2)C)CCN3CCC(C4=NOC=5C=C(F)C=CC54)CC3,27.829846923731388,0.7998278537573019,AUC > 0.5,3,0.18406176732152943,0.3009661621127875,0.5097280302782893
58,COC1=CC=CC(=C1N)C2=CC(=O)C3=CC=CC=C3O2,27.9996607276575,0.5248180695589395,AUC > 0.5,4,0.15691502033189803,0.23054375182034795,0.30750376343669583
59,N=1C=C(C(=NC1N)N)CC2=CC(OC)=C(OC)C(OC)=C2,14.0,0.7949907235,AUC > 0.5,3,0.327272727,0.535064935,0.675324675
60,N=1C=C(C(=NC1N)N)CC2=CC(OC)=C(OC)C(OC)=C2,14.0,0.8258823530714285,AUC > 0.5,3,0.305882353,0.545882353,0.701176471
61,OC=1C=C(C=C(O)C1C2C=C(C)CCC2C(=C)C)CCCCC,42.0583038869257,0.5771668356118096,AUC > 0.5,3,0.10997047772410112,0.229915906244409,0.292779388083736
62,OC=1C=C(C=C(O)C1C2C=C(C)CCC2C(=C)C)CCCCC,42.0583038869257,0.5121914468096761,AUC > 0.5,3,0.08569213335718989,0.15775630703166962,0.20517981749865769
63,O=C(O)C=CC(=O)O.ClC1=CC=C2OC=3C=CC=CC3C4CN(C)CC4C2=C1,39.9583726705365,0.5479652513539769,AUC > 0.5,4,0.37141335914811485,0.40100367647058777,0.4200349264705878
64,O=C1C2=C(N=CN2CC(O)CO)N(C(=O)N1C)C,22.0425531914893,0.8697757289563879,AUC > 0.5,4,0.5364781491002566,0.6257583547557839,0.6998491114339994
65,O=C1C2=C(N=CN2CC(O)CO)N(C(=O)N1C)C,22.0,0.7088161879142569,AUC > 0.5,4,0.11865895458440363,0.182262210796915,0.21989074550128543
66,O=C1C2=C(N=CN2CC(O)CO)N(C(=O)N1C)C,22.0,0.637863539403221,AUC > 0.5,4,0.1035756017761151,0.14401028277634906,0.17734283711147397
67,O=C1C2=C(N=CN2C)N(C(=O)N1C)C,18.0920600430145,0.6884553439345011,AUC > 0.5,2,0.12390739939420131,0.19115674769488677,0.24341830822711485
68,O=C1C2=C(N=CN2C)N(C(=O)N1C)C,18.023990598878,0.5932212627125433,AUC > 0.5,2,0.11482065431612114,0.14980951669530088,0.18929809358752156
69,COC1=CC=C(C=C1)C=CC(=O)C2=CC=CC=C2,20.0347826086956,0.7245987090488335,AUC > 0.5,3,0.16783812662996217,0.22165133294697167,0.2754645392639812
70,COC1=CC=C(C=C1)C=CC(=O)C2=CC=CC=C2,14.9787234042553,0.5728852157943063,AUC > 0.5,3,0.12614497245179063,0.18562327823691457,0.24510158402203852
71,COC1=CC=C(C=C1)C=CC(=O)C2=CC=CC=C2,30.0148779563074,0.4619703264822011,AUC <= 0.5,3,0.04057328008790578,0.05330378485427557,0.06603428962064535
72,COC1=CC=C(C=C1)C=CC(=O)C2=CC=CC=C2,29.959420289855,0.3991657890777788,AUC <= 0.5,3,0.08812170216923955,0.10779509478209863,0.1274684873949577
73,COC1=CC=C(C=C1)C=CC(=O)C2=CC=CC=C2,19.9716312056737,0.5537933884297512,AUC > 0.5,3,0.12842902711323764,0.17902711323763953,0.2296251993620414
74,COC1=CC=C(C=C1)C=CC(=O)C2=CC=CC=C2,12.0728470760501,0.7778481629811504,AUC > 0.5,3,0.2423071857749681,0.3752772165795419,0.5082472473841156
75,COC1=CC=C(C=C1)C=CC(=O)C2=CC=CC=C2,29.959420289855,0.6480295141343648,AUC > 0.5,3,0.16866205784639424,0.23384551495016587,0.2990289720539375
76,COC1=CC=C(C=C1)C=CC(=O)C2=CC=CC=C2,30.0936170212765,0.637215594862653,AUC > 0.5,3,0.11159961685823708,0.17114768373389017,0.23069575060954325
77,COC1=CC=C(C=C1)C=CC(=O)C2=CC=CC=C2,30.0629894494633,0.6650750282831526,AUC > 0.5,3,0.22786875786894992,0.26577268023456324,0.3036766026001765
78,COC1=CC=C(C=C1)C=CC(=O)C2=CC=CC=C2,25.0434782608695,0.6510168270206624,AUC > 0.5,3,0.11390267313822036,0.1595932338452617,0.20528379455230306
79,COC1=CC=C(C=C1)C=CC(=O)C2=CC=CC=C2,30.0936170212765,0.6819178207413501,AUC > 0.5,3,0.08167007150153227,0.12607763023493374,0.17048518896833517
80,COC1=CC=C(C=C1)C=CC(=O)C2=CC=CC=C2,20.0955431499954,0.6861676361157469,AUC > 0.5,3,0.18892860413531573,0.25172850438731076,0.3145284046393058
81,O=C1C=C2CCC3C(CCC4(C)C(C(=O)C)CCC34)C2(C)CC1,13.9769624769797,0.6061052854330281,AUC > 0.5,2,0.36085235920852365,0.45797666781920265,0.49229288768516644
82,O=C1C(=C(N=C2N1CCCC2)C)CCN3CCC(C4=NOC=5C=C(F)C=CC54)CC3,49.9805825242718,0.5580479072358423,AUC > 0.5,3,0.03319154421242613,0.04817797188480964,0.062235567080660546
83,O=C1C(=C(N=C2N1CCCC2)C)CCN3CCC(C4=NOC=5C=C(F)C=CC54)CC3,49.9805825242718,0.45883969085825227,AUC <= 0.5,3,0.01429706969150121,0.019828993726905615,0.02536091776231002
84,O=C1C(=C(N=C2N1CCCC2)C)CCN3CCC(C4=NOC=5C=C(F)C=CC54)CC3,49.9805825242718,0.6071152358855375,AUC > 0.5,3,0.09293632379479323,0.10524998862654106,0.11345025249078731
85,CCCN1CCCCC1C(=O)NC2=C(C=CC=C2C)C.CS(=O)(=O)O,11.9696969696969,0.6516160442252706,AUC > 0.5,1,0.300248138957816,0.384615384615384,0.419354838709677
86,CCCN1CCCCC1C(=O)NC2=C(C=CC=C2C)C.CS(=O)(=O)O,11.9545454545454,0.535788305075682,AUC > 0.5,1,0.1712158808933,0.184224377772764,0.225242499436048
87,CCCN1CCCCC1C(=O)NC2=C(C=CC=C2C)C.CS(=O)(=O)O,11.9696969696969,0.46703835160347784,AUC <= 0.5,1,0.11244027998963009,0.141439205955334,0.1712158808933
88,CCCN1CCCCC1C(=O)NC2=C(C=CC=C2C)C.CS(=O)(=O)O,11.9696969696969,0.5908282815591901,AUC > 0.5,1,0.21373282471019556,0.235732009925558,0.30272952853598
89,N=1C=2C=CC=CC2NC=3SC(=CC3C1N4CCN(C)CC4)C,36.0666666666666,0.6447409003896717,AUC > 0.5,1,0.0477695231216355,0.09646769505924398,0.15181086519114687
90,N=1C=2C=CC=CC2NC=3SC(=CC3C1N4CCN(C)CC4)C,36.0666666666666,0.582242062631143,AUC > 0.5,1,0.05818242790073782,0.08663089649005147,0.12961099932930895
91,N=1C=2C=CC=CC2NC=3SC(=CC3C1N4CCN(C)CC4)C,36.0666666666666,0.44394648509940965,AUC <= 0.5,1,0.020064833445115,0.03243644875790698,0.062206572769953
92,N=1C=2C=CC=CC2NC=3SC(=CC3C1N4CCN(C)CC4)C,36.1333333333333,0.35630757347144193,AUC <= 0.5,1,0.061844925763732614,0.08486868925974164,0.09867538564721656
93,N=1C=2C=CC=CC2NC=3SC(=CC3C1N4CCN(C)CC4)C,36.1318681318681,0.4321251993037171,AUC <= 0.5,1,0.023213092852371515,0.040198043145113875,0.06749212711136585
94,N=1C=2C=CC=CC2NC=3SC(=CC3C1N4CCN(C)CC4)C,36.1318681318681,0.390991837689979,AUC <= 0.5,1,0.014079440933148404,0.022712090848363696,0.053106212424849975
95,N=1C=2C=CC=CC2NC=3SC(=CC3C1N4CCN(C)CC4)C,36.0844529750479,0.45505249040228707,AUC <= 0.5,1,0.02193586464686181,0.04067295396419425,0.06780290920716098
96,N=1C=2C=CC=CC2NC=3SC(=CC3C1N4CCN(C)CC4)C,36.0844529750479,0.47419870578020507,AUC <= 0.5,1,0.02193586464686181,0.04098465473145771,0.07206866024001578
97,CC1C(C(CC(O1)OC2C(C(C(OC2OC3=C4C=C5C=C3OC6=C(C=C(C=C6)C(C(C(=O)NC(C(=O)NC5C(=O)NC7C8=CC(=C(C=C8)O)C9=C(C=C(C=C9O)O)C(NC(=O)C(C(C1=CC(=C(O4)C=C1)Cl)O)NC7=O)C(=O)O)CC(=O)N)NC(=O)C(CC(C)C)NC)O)Cl)CO)O)O)(C)N)O,28.0,0.6568214494832906,AUC > 0.5,2,0.13124968347129287,0.26249936694258574,0.36270205785863385
98,CC1C(C(CC(O1)OC2C(C(C(OC2OC3=C4C=C5C=C3OC6=C(C=C(C=C6)C(C(C(=O)NC(C(=O)NC5C(=O)NC7C8=CC(=C(C=C8)O)C9=C(C=C(C=C9O)O)C(NC(=O)C(C(C1=CC(=C(O4)C=C1)Cl)O)NC7=O)C(=O)O)CC(=O)N)NC(=O)C(CC(C)C)NC)O)Cl)CO)O)O)(C)N)O,28.0,0.6684447223933855,AUC > 0.5,2,0.16957075893736392,0.33914151787472785,0.4203683268714584
99,CC1C(C(CC(O1)OC2C(C(C(OC2OC3=C4C=C5C=C3OC6=C(C=C(C=C6)C(C(C(=O)NC(C(=O)NC5C(=O)NC7C8=CC(=C(C=C8)O)C9=C(C=C(C=C9O)O)C(NC(=O)C(C(C1=CC(=C(O4)C=C1)Cl)O)NC7=O)C(=O)O)CC(=O)N)NC(=O)C(CC(C)C)NC)O)Cl)CO)O)O)(C)N)O,28.0,0.6413447006275309,AUC > 0.5,2,0.16306723026451678,0.32613446052903355,0.4067181513684646
100,CC(C)CC(C(=O)NC(CCCN=C(N)N)C(=O)N1CCCC1C(=O)NNC(=O)N)NC(=O)C(COC(C)(C)C)NC(=O)C(CC2=CC=C(C=C2)O)NC(=O)C(CO)NC(=O)C(CC3=CNC4=CC=CC=C43)NC(=O)C(CC5=CN=CN5)NC(=O)C6CCC(=O)N6.CC(=O)O,30.2530739937365,0.3703441268287887,AUC <= 0.5,3,0.01042764011664308,0.035611148984651626,0.06182093706210239
101,CC(C)CC(C(=O)NC(CCCN=C(N)N)C(=O)N1CCCC1C(=O)NNC(=O)N)NC(=O)C(COC(C)(C)C)NC(=O)C(CC2=CC=C(C=C2)O)NC(=O)C(CO)NC(=O)C(CC3=CNC4=CC=CC=C43)NC(=O)C(CC5=CN=CN5)NC(=O)C6CCC(=O)N6.CC(=O)O,30.3176107889781,0.47469737917415405,AUC <= 0.5,3,0.05800435097897041,0.10373569257845631,0.14777532185298453
102,CC(C)CC(C(=O)NC(CCCN=C(N)N)C(=O)N1CCCC1C(=O)NNC(=O)N)NC(=O)C(COC(C)(C)C)NC(=O)C(CC2=CC=C(C=C2)O)NC(=O)C(CO)NC(=O)C(CC3=CNC4=CC=CC=C43)NC(=O)C(CC5=CN=CN5)NC(=O)C6CCC(=O)N6.CC(=O)O,30.1473990133177,0.41608472737983765,AUC <= 0.5,3,0.02334079515717129,0.056666414580655064,0.0903191538497068
103,CC(C)CC(C(=O)NC(CCCN=C(N)N)C(=O)N1CCCC1C(=O)NNC(=O)N)NC(=O)C(COC(C)(C)C)NC(=O)C(CC2=CC=C(C=C2)O)NC(=O)C(CO)NC(=O)C(CC3=CNC4=CC=CC=C43)NC(=O)C(CC5=CN=CN5)NC(=O)C6CCC(=O)N6.CC(=O)O,30.3554227874634,0.426641071036291,AUC <= 0.5,3,0.02324865059373878,0.044272828149049634,0.06474925725740052
104,CC(C)CC(C(=O)NC(CCCN=C(N)N)C(=O)N1CCCC1C(=O)NNC(=O)N)NC(=O)C(COC(C)(C)C)NC(=O)C(CC2=CC=C(C=C2)O)NC(=O)C(CO)NC(=O)C(CC3=CNC4=CC=CC=C43)NC(=O)C(CC5=CN=CN5)NC(=O)C6CCC(=O)N6.CC(=O)O,30.0228888896181,0.44103553531459133,AUC <= 0.5,3,0.03290733476738806,0.06279292792187001,0.09207255611706748
105,CC(C)CC(C(=O)NC(CCCN=C(N)N)C(=O)N1CCCC1C(=O)NNC(=O)N)NC(=O)C(COC(C)(C)C)NC(=O)C(CC2=CC=C(C=C2)O)NC(=O)C(CO)NC(=O)C(CC3=CNC4=CC=CC=C43)NC(=O)C(CC5=CN=CN5)NC(=O)C6CCC(=O)N6.CC(=O)O,29.8734629987562,0.47496753228312183,AUC <= 0.5,3,0.04008210366395704,0.07062620325475454,0.10102308562579317
106,O=C1C=C2CCC3C(CCC4(C)C(C(=O)C)CCC34)C2(C)CC1,9.03522205206738,0.8963787052938095,AUC > 0.5,2,0.7021153686310381,0.8281137364837812,0.8986750254151136
107,O=C1C=C2CCC3C(CCC4(C)C(C(=O)C)CCC34)C2(C)CC1,18.0195934745334,0.7309032912688834,AUC > 0.5,2,0.3844781190140229,0.4671209869335308,0.532148987859582
108,O=C1C=C2CCC3C(CCC4(C)C(C(=O)C)CCC34)C2(C)CC1,48.2892690513219,0.5975470999865361,AUC > 0.5,2,0.08616579438669686,0.11103678976103253,0.1353609288735902
109,[K].ClC=1N=C(N(C1CO)CC=2C=CC(=CC2)C=3C=CC=CC3C4=NN=NN4)CCCC,25.9672416989422,0.41700931110316175,AUC <= 0.5,1,0.03431985549534567,0.06299415890872209,0.07936348184603749
110,O=C1OC(CCC2C(C=CC3=CC(C)CC(OC(=O)C(C)(C)CC)C32)C)CC(O)C1,30.0761603180473,0.677571577505035,AUC > 0.5,2,0.20800012396085873,0.28237044153308566,0.35674075910531255
111,O=C1OC(CC)C(O)(C)C(O)C(C(=O)C(C)CC(OC)(C)C(OC2OC(C)CC(N(C)C)C2O)C(C)C(OC3OC(C)C(O)C(OC)(C)C3)C1C)C,28.0681614130168,0.6345913541488848,AUC > 0.5,1,0.14333906112421663,0.2206947181511067,0.2980503751779968
112,Cl.O=C1CCC2(O)C3N(CC=C)CCC42C5=C(OC14)C(O)=CC=C5C3,13.9978209715821,0.35898914525965187,AUC <= 0.5,4,0.09436279583247124,0.1335164517015848,0.13473689095966393
113,Cl.O=C1CCC2(O)C3N(CC=C)CCC42C5=C(OC14)C(O)=CC=C5C3,14.0224655741356,0.4150999232714535,AUC <= 0.5,4,0.10522645747426984,0.1165806101161108,0.1347040428820227
114,O=C([O-])C1=C(CSC2N1C(=O)C2NC(=O)C(=NOC)C=3N=C(SC3)N)C[N+]=4C=CC=C5C4CCCC5,3.02180685355233,0.7691611721029834,AUC > 0.5,0,0.7802195911489086,0.8582514215505092,0.9021092069100304
115,O=C1CCC2(O)C3N(CCC42C5=C(OC14)C(O)=CC=C5C3)CC6CC6,39.1676300578034,0.5234246273207311,AUC > 0.5,2,0.004320679320679317,0.008641358641358635,0.013160648874934544
116,O=C1CCC2(O)C3N(CCC42C5=C(OC14)C(O)=CC=C5C3)CC6CC6,30.6589595375722,0.5531549898065736,AUC > 0.5,2,0.01629513343799047,0.03125528317836,0.043239369326325904
117,O=C1CCC2(O)C3N(CCC42C5=C(OC14)C(O)=CC=C5C3)CC6CC6,21.7803468208092,0.6072116842817473,AUC > 0.5,2,0.028619206880076326,0.07180141287284121,0.14237637362637326
118,CC1C=CC=C(C(=O)NC2=C(C(=C3C(=C2O)C(=C(C4=C3C(=O)C(O4)(OC=CC(C(C(C(C(C(C1O)C)O)C)OC(=O)C)C)OC)C)C)O)O)C=NN5CCN(CC5)C)C,58.9852418399224,0.7107681480700871,AUC > 0.5,2,0.0062820200048792465,0.01648381901561816,0.059509798449050674
119,O=C1C=CC2(C(=C1)CCC3C4CC(C)C(O)(C(=O)CO)C4(C)CC(O)C32F)C,25.0421827854533,0.48663577713906475,AUC <= 0.5,0,0.0019752248430342707,0.009814686262616118,0.015830300615293738
120,O=C1C=CC2(C(=C1)CCC3C4CC(C)C(O)(C(=O)CO)C4(C)CC(O)C32F)C,25.0486342702874,0.4655726570614627,AUC <= 0.5,0,0.00023419601187964095,0.012701720567393469,0.0169255157773229
121,O=C1C=CC2(C(=C1)CCC3C4CC(C)C(O)(C(=O)CO)C4(C)CC(O)C32F)C,25.1448110211211,0.3482203465408801,AUC <= 0.5,0,0.009145541642091193,0.01473348282423316,0.0158044159304077
122,O=C1C=CC2(C(=C1)CCC3C4CC(C)C(O)(C(=O)CO)C4(C)CC(O)C32F)C,25.0444656185485,0.2662587314228628,AUC <= 0.5,0,0.006200678623364035,0.014733482824232941,0.01497788200956908
123,O=C1C=CC2(C(=C1)CCC3C4CC(C)C(O)(C(=O)CO)C4(C)CC(O)C32F)C,23.0022232809274,0.5353381070672202,AUC > 0.5,0,0.10992871499355644,0.19348440035501566,0.20344820961477203
124,O=C1C=CC2(C(=C1)CCC3C4CC(C)C(O)(C(=O)CO)C4(C)CC(O)C32F)C,25.0481380022232,0.6422665824983124,AUC > 0.5,0,0.49325504915585333,0.5857091618327288,0.5180908592370844
125,O=C(O)C1=CN2C3=C(OCC2C)C(=C(F)C=C3C1=O)N4CCN(C)CC4.O,3.00297619047619,0.6288925015623268,AUC > 0.5,3,0.6336853396611123,0.6641809737724139,0.7348307055968811
126,CCCCCC1=C(NC(=C1)C=C2C(=CC(=N2)C3=CC=CN3)OC)C,30.0,0.7464974381471721,AUC > 0.5,1,0.5214721494797931,0.7012099703443739,0.7066983786496841
127,CCCCCC1=C(NC(=C1)C=C2C(=CC(=N2)C3=CC=CN3)OC)C,30.0145906626858,0.6626231636353062,AUC > 0.5,1,0.460755956123803,0.5375948493906644,0.5818233188924463
128,O=C(OC1C2C3(OC(=O)C)COC3CC(O)C2(C(=O)C(OC(=O)C)C4=C(C)C(OC(=O)C(O)C(NC(=O)C=5C=CC=CC5)C=6C=CC=CC6)CC1(O)C4(C)C)C)C=7C=CC=CC7,30.1005025125628,0.7910838436322021,AUC > 0.5,0,0.34240945674044265,0.6848189134808853,0.7473809355294245
129,O=C(OC1C2C3(OC(=O)C)COC3CC(O)C2(C(=O)C(OC(=O)C)C4=C(C)C(OC(=O)C(O)C(NC(=O)C=5C=CC=CC5)C=6C=CC=CC6)CC1(O)C4(C)C)C)C=7C=CC=CC7,30.0502512562814,0.7128389345275978,AUC > 0.5,0,0.44217637483190747,0.5796076290237229,0.6069215123235229
130,O=C1C(=C(N=C2N1CCCC2)C)CCN3CCC(C4=NOC=5C=C(F)C=CC54)CC3,45.0261780104712,0.4285342128038372,AUC <= 0.5,3,0.02351955307262565,0.035854748603351846,0.047636871508379815
131,CC(=O)NC(C(=O)O)C(C)(C)SN=O,14.0067527602523,0.57907414566134,AUC > 0.5,0,0.05166232073011745,0.1033246414602349,0.15498696219035235
132,O=C1C(=C(N=C2N1CCCC2)C)CCN3CCC(C4=NOC=5C=C(F)C=CC54)CC3,29.9454589951868,0.6865788922522824,AUC > 0.5,3,0.028738349780701496,0.07690042984160671,0.2001413177883767
133,O=C1C(=C(N=C2N1CCCC2)C)CCN3CCC(C4=NOC=5C=C(F)C=CC54)CC3,30.1323901313412,0.38817753051320975,AUC <= 0.5,3,0.018752466013845528,0.03916542226646779,0.08463165754106472
134,O=C1C(=C(N=C2N1CCCC2)C)CCN3CCC(C4=NOC=5C=C(F)C=CC54)CC3,30.0863565909541,0.46797773250111496,AUC <= 0.5,3,0.03312308366184816,0.0671952137128593,0.08614766283102968
135,O=C(O)C1(C)CCC2(C)CCC3(C(=CC(=O)C4C5(C)CCC(O)C(C)(C)C5CCC43C)C2C1)C,88.3792048929663,0.3775964930882785,AUC <= 0.5,1,0.006007393715341933,0.012014787430683866,0.0180221811460258
136,O=C(NC=1C=CC=CC1C)C(NCCC)C,18.4884654644436,0.5063935072222562,AUC > 0.5,2,0.10439497716894977,0.13657834101382454,0.18345624385447387
137,O=C(NC=1C=CC=CC1C)C(NCCC)C,19.1755018713848,0.6585904120421789,AUC > 0.5,2,0.1473022003745326,0.21270644095788507,0.2594131371141417
138,O=C(NC=1C=CC=CC1C)C(NCCC)C,16.1829193603266,0.65927417086262,AUC > 0.5,2,0.23526934029425803,0.3054091928251118,0.3628192067372993
139,O=C(NC=1C=CC=CC1C)C(NCCC)C,19.1738686628104,0.7632599427522978,AUC > 0.5,2,0.22790236609464465,0.3973958333333331,0.5079535996670825
140,O=C(NC=1C=CC=CC1C)C(NCCC)C,19.1768628785301,0.7568042273923967,AUC > 0.5,2,0.26249999999999984,0.47429762949956084,0.6061015831134563
141,O=C(NC=1C=CC=CC1C)C(NCCC)C,18.2287853011228,0.8817720047101963,AUC > 0.5,2,0.4471436058700218,0.7363095238095236,0.8426757812499993
142,O=C(NC=1C=CC=CC1C)C(NCCC)C,18.2619938754678,0.89989053264746,AUC > 0.5,2,0.42777484143763284,0.7711406518010298,0.9167497330010675
143,O=C1C(=C(N=C2N1CCCC2)C)CCN3CCC(C4=NOC=5C=C(F)C=CC54)CC3,60.0151066276132,0.5783339284724919,AUC > 0.5,3,0.019756194702853436,0.03994216614090439,0.07261041009463692
144,Cl.O=C1C2=CC(OC)=C(OC)C=C2CC1CC3CCN(CC=4C=CC=CC4)CC3,9.99491426910781,0.7151303848916879,AUC > 0.5,3,0.4446140785481683,0.5716107759780877,0.681202079403518
145,O=C1OC(CCC2C(C=CC3=CC(C)CC(OC(=O)C(C)(C)CC)C32)C)CC(O)C1,21.1344506807014,0.502132561385189,AUC > 0.5,2,0.027602595740791474,0.05520519148158295,0.08365021291620428
146,O=C1OC(C(=CC2CCC(O)C(OC)C2)C)C(C)C(O)CC(=O)C(C=C(C)CC(C)CC(OC)C3OC(O)(C(=O)C(=O)N4CCCCC14)C(C)CC3OC)CC=C,13.9679633867276,0.636671548339783,AUC > 0.5,3,0.032721301686818964,0.16168084788774467,0.29064039408867043
147,O=C1OC(C(=CC2CCC(O)C(OC)C2)C)C(C)C(O)CC(=O)C(C=C(C)CC(C)CC(OC)C3OC(O)(C(=O)C(=O)N4CCCCC14)C(C)CC3OC)CC=C,9.97421731123388,0.39077442312729704,AUC <= 0.5,3,0.011531813317968572,0.05424096732453118,0.09999597325482361
148,O=C1C=C2CCC3C(CCC4(C)C(C(=O)C)CCC34)C2(C)CC1,16.7765331121106,0.7062078815823492,AUC > 0.5,2,0.22198762935648803,0.3513697135602631,0.4552034304371785
149,CC1=CN(C(=O)C=C1)C2=CC(=CC=C2)F,7.5,0.5380171097049118,AUC > 0.5,0,0.33508183790179535,0.4502636346649118,0.5426725444918709
150,CC1C=CC=C(C(=O)NC2=C(C(=C3C(=C2O)C(=C(C4=C3C(=O)C(O4)(OC=CC(C(C(C(C(C(C1O)C)O)C)OC(=O)C)C)OC)C)C)O)O)C=NN5CCN(CC5)C6CCCC6)C,29.8488975187656,0.4785325447523322,AUC <= 0.5,3,0.05180686533383655,0.09087342468292216,0.11174206499492359
151,CC1C=CC=C(C(=O)NC2=C(C(=C3C(=C2O)C(=C(C4=C3C(=O)C(O4)(OC=CC(C(C(C(C(C(C1O)C)O)C)OC(=O)C)C)OC)C)C)O)O)C=NN5CCN(CC5)C6CCCC6)C,29.9929628857381,0.5299427191215649,AUC > 0.5,3,0.07878035008469828,0.1321656355604722,0.1648710864689573
152,CC1C=CC=C(C(=O)NC2=C(C(=C3C(=C2O)C(=C(C4=C3C(=O)C(O4)(OC=CC(C(C(C(C(C(C1O)C)O)C)OC(=O)C)C)OC)C)C)O)O)C=NN5CCN(CC5)C6CCCC6)C,29.8537844036697,0.53352970844911,AUC > 0.5,3,0.1007666290868095,0.15781164948868662,0.1879338815524597
153,O=C1C=CC2(C(=C1)CCC3C4CC(C)C(O)(C(=O)CO)C4(C)CC(O)C32F)C,28.2723950253727,0.6542023616389108,AUC > 0.5,0,0.3899131700722734,0.5108986115227931,0.5752624854408068
154,O=C1C=CC2(C(=C1)CCC3C4CC(C)C(O)(C(=O)CO)C4(C)CC(O)C32F)C,11.114602876798,0.6797692735328792,AUC > 0.5,0,0.44510896801718036,0.5040911783888196,0.5419025322058377
155,O=C1C=CC2(C(=C1)CCC3C4CC(C)C(O)(C(=O)CO)C4(C)CC(O)C32F)C,11.0560506566604,0.6398676614833938,AUC > 0.5,0,0.41855119703270977,0.46887411025666414,0.5193799515004913
156,O=C1C=CC2(C(=C1)CCC3C4CC(C)C(O)(C(=O)CO)C4(C)CC(O)C32F)C,11.1131175734834,0.616045902912901,AUC > 0.5,0,0.4144936179547313,0.452683282298157,0.5021395687814335
157,O=C1C=CC2(C(=C1)CCC3C4CC(C)C(O)(C(=O)CO)C4(C)CC(O)C32F)C,11.0741869918699,0.6017364941369531,AUC > 0.5,0,0.37388316213854345,0.4320272951377299,0.47631175769442297
158,O=C1C=CC2(C(=C1)CCC3C4CC(C)C(O)(C(=O)CO)C4(C)CC(O)C32F)C,11.0772239263803,0.6796698651140884,AUC > 0.5,0,0.48792206622974005,0.5361513188496906,0.5781475725929647
159,O=C1C=CC2(C(=C1)CCC3C4CC(C)C(O)(C(=O)CO)C4(C)CC(O)C32F)C,11.07745398773,0.7183806144312984,AUC > 0.5,0,0.5240109837907752,0.5644120332857451,0.6227615628992406
160,O=C1C=CC2(C(=C1)CCC3C4CC(C)C(O)(C(=O)CO)C4(C)CC(O)C32F)C,11.0968941717791,0.7356871967156186,AUC > 0.5,0,0.5587198845327905,0.573296628972243,0.6128687553557222
161,O=C1C=CC2(C(=C1)CCC3C4CC(C)C(O)(C(=O)CO)C4(C)CC(O)C32F)C,10.9223087725194,0.7798439155317015,AUC > 0.5,0,0.5135262438336916,0.5732856761117754,0.6837292007043603
162,O=C1C=CC2(C(=C1)CCC3C4CC(C)C(O)(C(=O)CO)C4(C)CC(O)C32F)C,10.9397001812355,0.7999855018808857,AUC > 0.5,0,0.5478019339641639,0.6834569540020076,0.6951138998586188
163,O=C1C=CC2(C(=C1)CCC3C4CC(C)C(O)(C(=O)CO)C4(C)CC(O)C32F)C,10.9570195758368,0.8217066474894794,AUC > 0.5,0,0.502218646466683,0.6553279202063065,0.7520345994403274
164,O=C1C=CC2(C(=C1)CCC3C4CC(C)C(O)(C(=O)CO)C4(C)CC(O)C32F)C,11.0452154308617,0.7218266838769618,AUC > 0.5,0,0.36586324660328,0.5145791686771904,0.5619406021155418
165,O=C1C=CC2(C(=C1)CCC3C4CC(C)C(O)(C(=O)CO)C4(C)CC(O)C32F)C,11.011329477136,0.7926341650364768,AUC > 0.5,0,0.45960251672825275,0.6529511634874672,0.6836942377631703
166,O=C1C=CC2(C(=C1)CCC3C4CC(C)C(O)(C(=O)CO)C4(C)CC(O)C32F)C,10.9942157041355,0.8160241633360544,AUC > 0.5,0,0.5071052228853763,0.6129183883168275,0.712059573881266
167,O=C1C=CC2(C(=C1)CCC3C4CC(C)C(O)(C(=O)CO)C4(C)CC(O)C32F)C,11.0905575748201,0.6356741143630352,AUC > 0.5,0,0.4713371779265836,0.5005879148082566,0.529632500985509
168,O=C1C=CC2(C(=C1)CCC3C4CC(C)C(O)(C(=O)CO)C4(C)CC(O)C32F)C,11.0157268298169,0.6349001644347838,AUC > 0.5,0,0.406175445218613,0.4649170933255167,0.5554907003211702
169,O=C1C=CC2(C(=C1)CCC3C4CC(C)C(O)(C(=O)CO)C4(C)CC(O)C32F)C,11.016739196153,0.7229897042309856,AUC > 0.5,0,0.5158469213361982,0.5406263181830436,0.5983364098783652
170,Cl.OC1=CC=C2C(=C1O)C=3C=CC=C4C3C(N(C)CC4)C2,7.00531288865888,0.5710948890327161,AUC > 0.5,1,0.528859893476639,0.5117486167751979,0.5682659225444208
171,Cl.OC1=CC=C2C(=C1O)C=3C=CC=C4C3C(N(C)CC4)C2,7.03705249451182,0.517134119133463,AUC > 0.5,1,0.35290948025349894,0.4677288853861251,0.5276456688003757
172,Cl.OC1=CC=C2C(=C1O)C=3C=CC=C4C3C(N(C)CC4)C2,11.9870537465672,0.5018222336695216,AUC > 0.5,1,0.41996789658464195,0.3841770743974646,0.3837396011994426
173,Cl.ClC1=CC=CC(Cl)=C1NC2=NCCN2,35.1116244558052,0.618452585345918,AUC > 0.5,4,0.16782875474325976,0.20944331051794884,0.25047312184816456
174,Cl.ClC1=CC=CC(Cl)=C1NC2=NCCN2,35.0179737345746,0.6211122625287564,AUC > 0.5,4,0.1734212344434705,0.21038068480046906,0.2473401351574676
175,Cl.ClC1=CC=CC(Cl)=C1NC2=NCCN2,35.1604188828669,0.8120614771495194,AUC > 0.5,4,0.33193719760933665,0.40855124373950935,0.4790271242964159
176,Cl.ClC1=CC=CC(Cl)=C1NC2=NCCN2,35.1128731320883,0.8412221287889575,AUC > 0.5,4,0.28143489227630747,0.35969410121083156,0.4312745467641207
177,CC1C=CC=C(C(=O)NC2=C(C(=C3C(=C2O)C(=C(C4=C3C(=O)C(O4)(OC=CC(C(C(C(C(C(C1O)C)O)C)OC(=O)C)C)OC)C)C)O)O)C=NN5CCN(CC5)C)C,5.98997493734635,0.4883921700984532,AUC <= 0.5,2,0.29124104233044495,0.3955371882363692,0.5527595119262444
178,CCN(CC)C1=CC2=C(C=C1)C(=C3C=CC(=[N+](CC)CC)C=C3O2)C4=CC=CC=C4C(=O)O.[Cl-],17.9565898809575,0.8077110975893815,AUC > 0.5,2,0.39393724504502514,0.5348667409662246,0.6456291131802809
179,CCN(CC)C1=CC2=C(C=C1)C(=C3C=CC(=[N+](CC)CC)C=C3O2)C4=CC=CC=C4C(=O)O.[Cl-],30.1068913480885,0.5998625987298135,AUC > 0.5,2,0.23327235318906264,0.3533326593199206,0.42300946988845045
180,CCN(CC)C1=CC2=C(C=C1)C(=C3C=CC(=[N+](CC)CC)C=C3O2)C4=CC=CC=C4C(=O)O.[Cl-],30.1207243460764,0.7774077917740235,AUC > 0.5,2,0.34534337694374656,0.5625249988987265,0.6984078516902946
181,CCN(CC)C1=CC2=C(C=C1)C(=C3C=CC(=[N+](CC)CC)C=C3O2)C4=CC=CC=C4C(=O)O.[Cl-],30.1244969818913,0.7872360676267999,AUC > 0.5,2,0.3077200902934548,0.4893511724931663,0.627217107217107
182,O=C(NC=1C=CC=CC1C)C(NCCC)C,13.8463725806145,0.7451952754618908,AUC > 0.5,2,0.3449360865290068,0.533968671267389,0.7070088845014809
183,O=C(NC=1C=CC=CC1C)C(NCCC)C,13.8797083252849,0.7940363545248681,AUC > 0.5,2,0.7262347202318301,0.7652969986576078,0.7799821651435147
184,O=C1C=CC2(C(=C1)CCC3C4CC(C)C(O)(C(=O)CO)C4(C)CC(O)C32F)C,117.812499999999,0.46083243673328894,AUC <= 0.5,0,0.061614620722660884,0.07082435989471163,0.07811976549413731
185,O=C1OCC=2C(=O)N3C(=CC2C1(O)CC)C=4N=C5C=CC=CC5=CC4C3,28.1119409143423,0.5929941414484259,AUC > 0.5,2,0.19187150158189417,0.2699387053237138,0.3460086718291098
186,OC=1C=C2C(=CC1OC)C3CCC4(C)C(O)CCC4C3CC2,45.8905767052016,0.460006453321697,AUC <= 0.5,2,0.04877149877149882,0.07536698148336192,0.0989612967288398
187,O=C1C=CC2(C(=C1)C(C)CC3C4CCC(O)(C(=O)CO)C4(C)CC(O)C32)C,84.1987041788059,0.585678475591961,AUC > 0.5,0,0.19566857953367123,0.2150465190697852,0.2323232955461631
188,CS(=O)(=O)O.C#CCNC1CCC2=CC=CC=C12,33.9596340455742,0.774249577902788,AUC > 0.5,0,0.13124590269149328,0.18378255531546006,0.23631920793942685
189,O=C(NC1=NC=CC=C1)C2=C(O)C=3SC(Cl)=CC3S(=O)(=O)N2C,31.9783197512195,0.6840102460835361,AUC > 0.5,3,0.22728083473602959,0.28100978069048393,0.33185499751251535
190,CC1C=CC=C(C(=O)NC2=C(C(=C3C(=C2O)C(=C(C4=C3C(=O)C(O4)(OC=CC(C(C(C(C(C(C1O)C)O)C)OC(=O)C)C)OC)C)C)O)O)C=NN5CCN(CC5)C)C,5.01709401709401,0.7126001142998585,AUC > 0.5,2,0.6185,0.7320000000000001,0.774271929824561
191,CC1C=CC=C(C(=O)NC2=C(C(=C3C(=C2O)C(=C(C4=C3C(=O)C(O4)(OC=CC(C(C(C(C(C(C1O)C)O)C)OC(=O)C)C)OC)C)C)O)O)C=NN5CCN(CC5)C)C,5.01709401709401,0.7026746458160426,AUC > 0.5,2,0.5845833333333333,0.7035677966101704,0.7775614035087723
192,CC1C=CC=C(C(=O)NC2=C(C(=C3C(=C2O)C(=C(C4=C3C(=O)C(O4)(OC=CC(C(C(C(C(C(C1O)C)O)C)OC(=O)C)C)OC)C)C)O)O)C=NN5CCN(CC5)C)C,5.01709401709401,0.743292192664424,AUC > 0.5,2,0.6940833333333333,0.7289262295081969,0.7897241379310348
193,CC1C=CC=C(C(=O)NC2=C(C(=C3C(=C2O)C(=C(C4=C3C(=O)C(O4)(OC=CC(C(C(C(C(C(C1O)C)O)C)OC(=O)C)C)OC)C)C)O)O)C=NN5CCN(CC5)C)C,5.01709401709401,0.8253641688143388,AUC > 0.5,2,0.802833333333333,0.8464396551724144,0.863
194,CC1C=CC=C(C(=O)NC2=C(C(=C3C(=C2O)C(=C(C4=C3C(=O)C(O4)(OC=CC(C(C(C(C(C(C1O)C)O)C)OC(=O)C)C)OC)C)C)O)O)C=NN5CCN(CC5)C)C,5.008547008547,0.9555631472244076,AUC > 0.5,2,0.9388688524590164,0.9890258620689659,1.0084918032786827
195,O=C1C=CC2(C(=C1)CCC3C4CC(C)C(O)(C(=O)CO)C4(C)CC(O)C32F)C,18.0089883256805,0.6172652546739692,AUC > 0.5,0,0.3927127894969754,0.45805778969317795,0.5529534295491744
196,O=C(C=C(C=CC=C(C=CC1=C(C)CCCC1(C)C)C)C)NC2=CC=C(O)C=C2,28.1463414634146,0.8799276942285827,AUC > 0.5,4,0.5831029185867895,0.6460829493087556,0.7090629800307219
197,O=C(C=C(C=CC=C(C=CC1=C(C)CCCC1(C)C)C)C)NC2=CC=C(O)C=C2,28.0,0.7752032520325198,AUC > 0.5,4,0.3867546432062584,0.5182431201020595,0.6295790049207214
198,O=C(C=C(C=CC=C(C=CC1=C(C)CCCC1(C)C)C)C)NC2=CC=C(O)C=C2,28.0487804878048,0.5758597475455816,AUC > 0.5,4,0.1381279746166048,0.2624361008284856,0.38674422704036643
199,O=C(C=C(C=CC=C(C=CC1=C(C)CCCC1(C)C)C)C)NC2=CC=C(O)C=C2,28.0745494433395,0.6527243216584366,AUC > 0.5,4,0.1668338286280344,0.29013135309619226,0.40838155103760154
200,O=C(C=C(C=CC=C(C=CC1=C(C)CCCC1(C)C)C)C)NC2=CC=C(O)C=C2,27.9859758472925,0.5054476339290184,AUC > 0.5,4,0.21076145190568757,0.24669978986025143,0.2826381278148153
201,O=C(C=C(C=CC=C(C=CC1=C(C)CCCC1(C)C)C)C)NC2=CC=C(O)C=C2,27.9376909355586,0.4511860682561497,AUC <= 0.5,4,0.13840528186896897,0.17825567950659635,0.21718418381269994
202,O=C(C=C(C=CC=C(C=CC1=C(C)CCCC1(C)C)C)C)NC2=CC=C(O)C=C2,28.0386929928673,0.8037800397264574,AUC > 0.5,4,0.3957847106991988,0.522227330519707,0.6486699503402152
203,O=C(C=C(C=CC=C(C=CC1=C(C)CCCC1(C)C)C)C)NC2=CC=C(O)C=C2,28.0919318815245,0.8474556510064458,AUC > 0.5,4,0.3311891490152378,0.4860381560345462,0.6372126990484827
204,O=C1OCC=2C(=O)N3C(=CC2C1(O)CC)C=4N=C5C=CC=CC5=CC4C3,27.8858589969701,0.59099938770411,AUC > 0.5,2,0.2610547667342808,0.3045669105499175,0.34600088378258953
205,O=C1OCC=2C(=O)N3C(=CC2C1(O)CC)C=4N=C5C=CC=CC5=CC4C3,27.8433500655722,0.5864321635029767,AUC > 0.5,2,0.2427967021045773,0.297374701670644,0.35195270123671074
206,O=C1C=CC2(C(=C1)CCC3C4CCC(O)(C(=O)CO)C4(C)CC(O)C32)C,27.9303736825295,0.8174898856936855,AUC > 0.5,4,0.5275878254074623,0.5612895980873376,0.5899134286395841
207,O=C1C=CC2(C(=C1)CCC3C4CCC(O)(C(=O)CO)C4(C)CC(O)C32)C,27.8917708768395,0.7470174699855419,AUC > 0.5,4,0.33599021577706195,0.398209162521517,0.4419153870603964
208,O=C1C=CC2(C(=C1)CCC3C4CCC(O)(C(=O)CO)C4(C)CC(O)C32)C,28.0108960027516,0.6019578031064865,AUC > 0.5,4,0.22736988249333084,0.27430803363869566,0.30392821161191635
209,O=C1C=CC2(C(=C1)CCC3C4CCC(O)(C(=O)CO)C4(C)CC(O)C32)C,28.0003305813882,0.4934586407410802,AUC <= 0.5,4,0.20987161985044345,0.21336062867831254,0.22133623311457246
210,O=C1C=CC2(C(=C1)CCC3C4CCC(O)(C(=O)CO)C4(C)CC(O)C32)C,28.0871516933596,0.61929597298176,AUC > 0.5,4,0.31504157502166463,0.3167865846812248,0.33527237402920596
211,O=C1C=CC2(C(=C1)CCC3C4CCC(O)(C(=O)CO)C4(C)CC(O)C32)C,27.9035655314456,0.7373424892099404,AUC > 0.5,4,0.35675496884097063,0.40129747697466406,0.42372609134196176
212,O=C1C=CC2(C(=C1)CCC3C4CCC(O)(C(=O)CO)C4(C)CC(O)C32)C,28.0134021039611,0.6461433797559386,AUC > 0.5,4,0.17242612309969857,0.27020784190489966,0.28138033685584035
213,O=C1C=CC2(C(=C1)CCC3C4CCC(O)(C(=O)CO)C4(C)CC(O)C32)C,28.0141022574114,0.6902196226126976,AUC > 0.5,4,0.273973580989769,0.3081606581289232,0.33831153112380835
214,O=C1C=CC2(C(=C1)CCC3C4CCC(O)(C(=O)CO)C4(C)CC(O)C32)C,27.9758563751888,0.6787390432206426,AUC > 0.5,4,0.2921514034163613,0.3811526357668859,0.4043370638186924
215,O=C1C=CC2(C(=C1)CCC3C4CC(C)C(O)(C(=O)CO)C4(C)CC(O)C32F)C,24.2235359709539,0.5665294486911894,AUC > 0.5,0,0.09195354141936092,0.18390708283872184,0.2717338742897004
216,O=C(NC=1C(=CC=CC1C)C)CN(CC)CC,55.6984749574853,0.7920417239211105,AUC > 0.5,4,0.6171982333595889,0.6480630132338028,0.6789277931080167
217,O=C(NC=1C(=CC=CC1C)C)CN(CC)CC,56.0761698392671,0.8894271591331591,AUC > 0.5,4,0.319364257090906,0.39780555263746475,0.4762468481840235
218,O=C(O)C(C1=CC=C(C=C1)CC(C)C)C,20.1062682103289,0.797082356093285,AUC > 0.5,1,0.44015078933554713,0.4992275065523183,0.5583042237690894
219,O=C1C=CC2(C(=C1)CCC3C4CC(C)C(O)(C(=O)CO)C4(C)CC(O)C32F)C,52.9402152013968,0.5883801776770022,AUC > 0.5,0,0.17784684585885924,0.2758580275378539,0.3163547591311573
220,O=C(O)C(OC1=CC=C(C=C1)C(=O)C2=CC=C(Cl)C=C2)(C)C,3.19847501991578,0.6093681139151095,AUC > 0.5,2,0.6027816881625108,0.6917562662189568,0.7232498275363798
221,CC(C)NCC(COC1=CC=CC2=CC=CC=C21)O.Cl,30.1669758812616,0.3475781412683831,AUC <= 0.5,2,0.018982192558667767,0.03796438511733553,0.0569465776760033
222,O=C(NC1=CC=C(C(=C1)NC=2N=CC=C(N2)C3=CN=CC=C3)C)C4=CC=C(C=C4)CN5CCN(C)CC5.O=S(=O)(O)C,17.2429805281243,0.8656333228145839,AUC > 0.5,3,0.5784077036413418,0.7009227567790758,0.7893106072463654
223,CC(C1CCC(C(O1)OC2C(CC(C(C2O)OC3C(C(C(CO3)(C)O)NC)O)N)N)N)N.CC(C1CCC(C(O1)OC2C(CC(C(C2O)OC3C(C(C(CO3)(C)O)NC)O)N)N)N)NC.CC1(COC(C(C1NC)O)OC2C(CC(C(C2O)OC3C(CCC(O3)CN)N)N)N)O.OS(=O)(=O)O,30.0369458128078,0.6551430130288761,AUC > 0.5,3,0.36134048257372636,0.47281501340482557,0.49089618716656014
224,[Na].O=C(O)C1=C(CSC2=NN=C(S2)C)CSC3N1C(=O)C3NC(=O)CN4N=NN=C4,25.1675041876046,0.4258995995684839,AUC <= 0.5,2,0.023482671174978743,0.03819780219780188,0.08142857142857174
225,O=C1C=CC2(C(=C1)CCC3C4CC(C)C(O)(C(=O)CO)C4(C)CC(O)C32F)C,31.17903930131,0.6064345214877148,AUC > 0.5,0,0.11682460455246911,0.23364920910493822,0.3267518939393938
226,O=C1C=CC2(C(=C1)CCC3C4CC(C)C(O)(C(=O)CO)C4(C)CC(O)C32F)C,53.1877729257641,0.5601431002082884,AUC > 0.5,0,0.12427903163580241,0.17013888888888842,0.18301091269841221
227,CCCCN(CCCC)C(=O)CN1CC(C(C1C2=CC=C(C=C2)OC)C(=O)O)C3=CC4=C(C=C3)OCO4,32.9369981470043,0.4936060780961007,AUC <= 0.5,1,0.12491609326456504,0.14743897796343064,0.16824753920005386
228,CCCCN(CCCC)C(=O)CN1CC(C(C1C2=CC=C(C=C2)OC)C(=O)O)C3=CC4=C(C=C3)OCO4,32.9285506667151,0.5552854955487214,AUC > 0.5,1,0.03615854289558119,0.060537323165951014,0.07945935804129332
229,CCCCN(CCCC)C(=O)CN1CC(C(C1C2=CC=C(C=C2)OC)C(=O)O)C3=CC4=C(C=C3)OCO4,32.8770482868873,0.4619691497160824,AUC <= 0.5,1,0.007966504469842805,0.01838529872608143,0.02943271804333648
230,CCCCN(CCCC)C(=O)CN1CC(C(C1C2=CC=C(C=C2)OC)C(=O)O)C3=CC4=C(C=C3)OCO4,32.9177378498346,0.5211671116240676,AUC > 0.5,1,0.04393833833746223,0.06450391280194454,0.08506948726642684
231,CCCCN(CCCC)C(=O)CN1CC(C(C1C2=CC=C(C=C2)OC)C(=O)O)C3=CC4=C(C=C3)OCO4,32.9843909940422,0.4668792778306957,AUC <= 0.5,1,0.01680108085978692,0.027243478708481695,0.037148725734414766
232,CCCCN(CCCC)C(=O)CN1CC(C(C1C2=CC=C(C=C2)OC)C(=O)O)C3=CC4=C(C=C3)OCO4,32.9798625426311,0.4321593104482225,AUC <= 0.5,1,0.018437380802366253,0.028269627885167587,0.03810187496796892
233,CCCCN(CCCC)C(=O)CN1CC(C(C1C2=CC=C(C=C2)OC)C(=O)O)C3=CC4=C(C=C3)OCO4,32.8571698122107,0.45195281795507825,AUC <= 0.5,1,0.02340704880474286,0.030392535361963898,0.03748062548152217
234,CCCCN(CCCC)C(=O)CN1CC(C(C1C2=CC=C(C=C2)OC)C(=O)O)C3=CC4=C(C=C3)OCO4,33.1693499313656,0.3543764803370727,AUC <= 0.5,1,0.006583366921939992,0.009256337643663144,0.011729125044500506
235,CCCCN(CCCC)C(=O)CN1CC(C(C1C2=CC=C(C=C2)OC)C(=O)O)C3=CC4=C(C=C3)OCO4,33.381136911482,0.4915428601825955,AUC <= 0.5,1,0.0317700082185805,0.04711860069424478,0.061761337344822
236,CCCCN(CCCC)C(=O)CN1CC(C(C1C2=CC=C(C=C2)OC)C(=O)O)C3=CC4=C(C=C3)OCO4,33.0351203734781,0.40963156879059476,AUC <= 0.5,1,0.0279550476322953,0.03565645191906548,0.04335884674994917
237,CCCCN(CCCC)C(=O)CN1CC(C(C1C2=CC=C(C=C2)OC)C(=O)O)C3=CC4=C(C=C3)OCO4,33.3045494767033,0.4705524779699829,AUC <= 0.5,1,0.018914408602785447,0.028480104039838833,0.036940667394334215
238,CCCCN(CCCC)C(=O)CN1CC(C(C1C2=CC=C(C=C2)OC)C(=O)O)C3=CC4=C(C=C3)OCO4,33.3133982241479,0.4718345067890893,AUC <= 0.5,1,0.02445892301582875,0.03241931199805998,0.040774417665403684
239,CCCCN(CCCC)C(=O)CN1CC(C(C1C2=CC=C(C=C2)OC)C(=O)O)C3=CC4=C(C=C3)OCO4,32.9781348942086,0.5023280136525973,AUC > 0.5,1,0.03812422714734128,0.048663559402644274,0.059571098647311096
240,CCCCN(CCCC)C(=O)CN1CC(C(C1C2=CC=C(C=C2)OC)C(=O)O)C3=CC4=C(C=C3)OCO4,32.9670942717278,0.4162344710902583,AUC <= 0.5,1,0.028004742912579372,0.03994825913549637,0.04988950994410501
241,CCCCN(CCCC)C(=O)CN1CC(C(C1C2=CC=C(C=C2)OC)C(=O)O)C3=CC4=C(C=C3)OCO4,33.0411073335436,0.6388354721233377,AUC > 0.5,1,0.06865009013303923,0.08515709965287598,0.10009800078400613
242,CCCCN(CCCC)C(=O)CN1CC(C(C1C2=CC=C(C=C2)OC)C(=O)O)C3=CC4=C(C=C3)OCO4,34.0021722846442,0.36306550389828607,AUC <= 0.5,1,0.0096093869047567,0.011496734846373386,0.01310440836026003
243,CCCCN(CCCC)C(=O)CN1CC(C(C1C2=CC=C(C=C2)OC)C(=O)O)C3=CC4=C(C=C3)OCO4,33.9444382022472,0.3979301831623202,AUC <= 0.5,1,0.0128448299105195,0.013202579572346036,0.014460837378948781
244,CCCCN(CCCC)C(=O)CN1CC(C(C1C2=CC=C(C=C2)OC)C(=O)O)C3=CC4=C(C=C3)OCO4,33.7712359550561,0.37601092108971845,AUC <= 0.5,1,0.016080272916282355,0.018200645460898453,0.019801283904212257
245,CCCCN(CCCC)C(=O)CN1CC(C(C1C2=CC=C(C=C2)OC)C(=O)O)C3=CC4=C(C=C3)OCO4,34.0599063670412,0.29511132114790156,AUC <= 0.5,1,0.012161067863043757,0.013202579572346029,0.013657498147266797
246,Cl.O=C1C=CC2(C(=C1)CCC3C2C(=O)CC4(C)C3CCC4(O)C(=O)CO)C,100.44448774384,0.6111853843781547,AUC > 0.5,1,0.011901377995136965,0.02380275599027393,0.0357041339854109
247,Cl.O=C1C=CC2(C(=C1)CCC3C2C(=O)CC4(C)C3CCC4(O)C(=O)CO)C,159.971224355685,0.7154049342655342,AUC > 0.5,1,0.045771936993553405,0.09154387398710681,0.1373158109806602
248,Cl.O=C1C=CC2(C(=C1)CCC3C2C(=O)CC4(C)C3CCC4(O)C(=O)CO)C,159.562610206414,0.6408465193560271,AUC > 0.5,1,0.0492764165468105,0.098552833093621,0.1478292496404315
249,Cl.O=C1C=CC2(C(=C1)CCC3C2C(=O)CC4(C)C3CCC4(O)C(=O)CO)C,142.834355354645,0.6841074406390485,AUC > 0.5,1,0.060499592100654004,0.09119855215816629,0.10757092768467201
250,Cl.O=C1C=CC2(C(=C1)CCC3C2C(=O)CC4(C)C3CCC4(O)C(=O)CO)C,143.250714846668,0.7889989019628552,AUC > 0.5,1,0.29141003901772805,0.31713453371996353,0.33856688457292267
251,Cl.O=C1C=CC2(C(=C1)CCC3C2C(=O)CC4(C)C3CCC4(O)C(=O)CO)C,141.292906794108,0.7918732185568966,AUC > 0.5,1,0.41645774775736977,0.4404298805958281,0.4498847929383179
252,O=C1N=C(N)NC2=C1N=CN2COC(CO)CO,14.2897098277994,0.6686125430520251,AUC > 0.5,0,0.13356736485795945,0.1962233557829683,0.2763477670177226
253,Cl.O=C(N)C=1C(=O)C2(O)C(O)=C3C(=O)C=4C(O)=CC=CC4C(C)C3C(O)C2C(C1O)N(C)C,10.9969660381203,0.5931264328372452,AUC > 0.5,1,0.3862535344256582,0.4814459119665682,0.5349031063820674
254,O=C(N)C=1N=CN2C(=O)N(N=NC12)C,34.9171780199582,0.5194274851782642,AUC > 0.5,1,0.10199077963398848,0.13220877249986587,0.14341402024612715
255,O=C(N)C=1N=CN2C(=O)N(N=NC12)C,34.9126888097034,0.6255340651862208,AUC > 0.5,1,0.18536402748669403,0.2204567098706676,0.23949865761068
256,O=C(N)C=1N=CN2C(=O)N(N=NC12)C,34.9620701225062,0.6815508521007054,AUC > 0.5,1,0.2419804278524112,0.3361438249268839,0.35729301368257194
257,ClC=1C=CC=CC1C2=NCC3=NN=C(N3C=4SC(=CC24)CC)C,3.0425,0.564326926932832,AUC > 0.5,4,0.4785363982176796,0.6970796969726902,0.9253163834553207
258,O=C1OCC2C(OC3OC4COC(OC4C(O)C3O)C)C5=CC=6OCOC6C=C5C(C7=CC(OC)=C(O)C(OC)=C7)C12,28.0827722478943,0.36407652121583445,AUC <= 0.5,4,0.12997000441429787,0.16861135753981815,0.19603332817344682
259,Cl.O=C1C=2C(O)=CC=C(O)C2C(=O)C=3C(=CC=C(NCCNCCO)C13)NCCNCCO,70.296648121477,0.6017115282219125,AUC > 0.5,4,0.021636725294499854,0.05132624344621957,0.09021950943982168
260,OCCN(C=1N=C2C(N=C(N=C2N3CCCCC3)N(CCO)CCO)=C(N1)N4CCCCC4)CCO,24.8465177613909,0.7593439864197079,AUC > 0.5,4,0.22492978070247158,0.34875215334711074,0.42432758042017155
261,OCCN(C=1N=C2C(N=C(N=C2N3CCCCC3)N(CCO)CCO)=C(N1)N4CCCCC4)CCO,26.9750801469122,0.6304307787264427,AUC > 0.5,4,0.1757162036194126,0.21899484053373505,0.24469897500075702
262,OCCN(C=1N=C2C(N=C(N=C2N3CCCCC3)N(CCO)CCO)=C(N1)N4CCCCC4)CCO,39.8786298310382,0.35923947871791945,AUC <= 0.5,4,0.16337663831273608,0.2183138342546243,0.23004902878847425
263,O=C1C2=CC=C3OC(C(=C)C)CC3=C2OC4COC5=CC(OC)=C(OC)C=C5C14,15.2105887009715,0.550092215060421,AUC > 0.5,2,0.11725303778508632,0.20387278687679034,0.27993869091215634
264,O=C1N=C(N)NC2=C1N=CN2COC(CO)CO,90.9597281929243,0.30110938786889196,AUC <= 0.5,0,0.139275766016713,0.139275766016713,0.1621141303810734
265,O=C1N=C(N)NC2=C1N=CN2COC(CO)CO,9.09483689707359,0.5010987549496355,AUC > 0.5,0,0.10039547185399504,0.13815767669209947,0.19373076916402338
266,O=C(O)CC=1C=2C=C(OC)C=CC2N(C(=O)C3=CC=C(Cl)C=C3)C1C,17.135050973654,0.42989400408618067,AUC <= 0.5,1,0.06360304908928839,0.08862630962376392,0.10472178065689383
267,O=C(NC=1C(=CC=CC1C)C)CN(CC)CC,35.0727136665372,0.758614707217631,AUC > 0.5,4,0.23652462757608636,0.2418712732855396,0.3708453534231242
268,O=C(NC=1C(=CC=CC1C)C)CN(CC)CC,35.0708689223544,0.7366712663040478,AUC > 0.5,4,0.1321227234381334,0.21138763439343838,0.2774649470066115
269,O=C(NC=1C(=CC=CC1C)C)CN(CC)CC,35.2178335422478,0.7226661185604489,AUC > 0.5,4,0.12164260446985582,0.18579112104670675,0.23567802411527194
270,O=C(NC=1C(=CC=CC1C)C)CN(CC)CC,35.1451198757106,0.716441820178972,AUC > 0.5,4,0.1338678433666411,0.19948400041470749,0.24805552767525854
271,Cl.O=C1C=2C(O)=CC=C(O)C2C(=O)C=3C(=CC=C(NCCNCCO)C13)NCCNCCO,91.8924436408177,0.48385038532162816,AUC <= 0.5,4,0.0011026577399066788,0.0022053154798133577,0.0033079732197200365
272,O=C1C=CC2(C(=C1)CCC3C4CC(C)C(O)(C(=O)CO)C4(C)CC(O)C32F)C,28.0198591803574,0.6369914809017947,AUC > 0.5,0,0.2851820196336996,0.41397604075832256,0.4246125511578452
273,CC1C=CC=C(C(=O)NC2=C(C(=C3C(=C2O)C(=C(C4=C3C(=O)C(O4)(OC=CC(C(C(C(C(C(C1O)C)O)C)OC(=O)C)C)OC)C)C)O)O)C=NN5CCN(CC5)C)C,20.1204819277108,0.8356090764358874,AUC > 0.5,2,0.5741098265895952,0.7063996696944677,0.7525185796862098
274,CC1C=CC=C(C(=O)NC2=C(C(=C3C(=C2O)C(=C(C4=C3C(=O)C(O4)(OC=CC(C(C(C(C(C(C1O)C)O)C)OC(=O)C)C)OC)C)C)O)O)C=NN5CCN(CC5)C)C,20.1204819277108,0.8316257136816272,AUC > 0.5,2,0.5704913294797682,0.6837341040462431,0.7434368978805392
275,CC1C=CC=C(C(=O)NC2=C(C(=C3C(=C2O)C(=C(C4=C3C(=O)C(O4)(OC=CC(C(C(C(C(C(C1O)C)O)C)OC(=O)C)C)OC)C)C)O)O)C=NN5CCN(CC5)C)C,20.0803212851405,0.5717514218724604,AUC > 0.5,2,0.32197736030828483,0.40664739884393053,0.4270644095788604
276,CC1C=CC=C(C(=O)NC2=C(C(=C3C(=C2O)C(=C(C4=C3C(=O)C(O4)(OC=CC(C(C(C(C(C(C1O)C)O)C)OC(=O)C)C)OC)C)C)O)O)C=NN5CCN(CC5)C)C,20.0401606425702,0.6007100848864422,AUC > 0.5,2,0.37894571500376956,0.3918325840291151,0.4418208092485542
277,O=C1NC=C(F)C(=O)N1,20.92959451203,0.8394217163991393,AUC > 0.5,3,0.3795685557467482,0.5609612665636876,0.6849163730308528
278,O=C1NC=C(F)C(=O)N1,20.9642694178699,0.7590730851241125,AUC > 0.5,3,0.30123118611657496,0.4968837522628064,0.5951515999427021
279,O=C1NC=C(F)C(=O)N1,20.8945947827163,0.7125221730489617,AUC > 0.5,3,0.24177593742811151,0.375820961852803,0.5010282974444391
280,O=C1NC=C(F)C(=O)N1,20.9645942413438,0.7024255292821622,AUC > 0.5,3,0.3016959325041863,0.4415947921683893,0.508460780922159
281,O=C1NC=C(F)C(=O)N1,20.8947571944532,0.6527634787374486,AUC > 0.5,3,0.2473180500201974,0.365904620485018,0.430075155403466
282,O=C1NC=C(F)C(=O)N1,20.963782182659,0.7697851963343048,AUC > 0.5,3,0.33335195069134793,0.49317008225036724,0.6021657563508397
283,O=C1C=C2CCC3C(CCC4(C)C(C(=O)C)CCC34)C2(C)CC1,32.0714238672286,0.4149263812217057,AUC <= 0.5,2,0.08374626804629719,0.1264582296888745,0.16906446179757997
284,O=C1C=C2CCC3C(CCC4(C)C(C(=O)C)CCC34)C2(C)CC1,20.255866438263,0.40142922882640064,AUC <= 0.5,2,0.11604415422885557,0.1394732587064671,0.16290236318407864
285,O=C(N(C=1C=CC=CC1)C2CCN(CCC=3C=CC=CC3)CC2)CC,10.9815169966269,0.38982557827106,AUC <= 0.5,4,0.017178833999742286,0.0807897153351704,0.14471074380165333
286,O=C(N(C=1C=CC=CC1)C2CCN(CCC=3C=CC=CC3)CC2)CC,10.995896573084,0.4403184308688616,AUC <= 0.5,4,0.022753660581822995,0.05784459880948628,0.15770616690799036
287,O=C(N(C=1C=CC=CC1)C2CCN(CCC=3C=CC=CC3)CC2)CC,11.0104709067843,0.45792085444783737,AUC <= 0.5,4,0.016621469983168432,0.06491117503205071,0.1481973756504317
288,O=C(N(C=1C=CC=CC1)C2CCN(CCC=3C=CC=CC3)CC2)CC,10.9869113039761,0.401482192915884,AUC <= 0.5,4,0.030007013145051695,0.0808851458106189,0.13132892097974358
289,O=C(N(C=1C=CC=CC1)C2CCN(CCC=3C=CC=CC3)CC2)CC,10.9876200172116,0.4358660139700309,AUC <= 0.5,4,0.023479819129589522,0.08685650347452885,0.15212156507733185
290,O=C1C(=COC2=CC(OC(C)C)=CC=C21)C=3C=CC=CC3,31.0657193605683,0.4433962264150937,AUC <= 0.5,4,0.09088907239196288,0.10622992935131663,0.1490416793428659
291,O=C(N(C=1C=CC=CC1)C2CCN(CCC=3C=CC=CC3)CC2)CC,11.024420915771,0.5199719988499429,AUC > 0.5,4,0.1420188996811462,0.24870478167796137,0.30778225063124287
292,O=C(N(C=1C=CC=CC1)C2CCN(CCC=3C=CC=CC3)CC2)CC,10.9343251610565,0.49187696997405295,AUC <= 0.5,4,0.13832804433257942,0.21698309353293802,0.3061931971977063
293,O=C(N(C=1C=CC=CC1)C2CCN(CCC=3C=CC=CC3)CC2)CC,11.0680940175949,0.4453136742897552,AUC <= 0.5,4,0.18012015455274316,0.19931435469536274,0.3209261561473448
294,O=C(N(C=1C=CC=CC1)C2CCN(CCC=3C=CC=CC3)CC2)CC,11.0231420548098,0.38961521113866665,AUC <= 0.5,4,0.1397083949403464,0.2233452938637882,0.29170899220427654
295,O=C(N(C=1C=CC=CC1)C2CCN(CCC=3C=CC=CC3)CC2)CC,11.0194946003392,0.5567343221964421,AUC > 0.5,4,0.19608313725974746,0.268628600586888,0.3632684602455039
296,O=C(N(C=1C=CC=CC1)C2CCN(CCC=3C=CC=CC3)CC2)CC,11.001202310153,0.433187873073821,AUC <= 0.5,4,0.13593922157149227,0.24037426571087336,0.32957610312375446
297,O=C(N(C=1C=CC=CC1)C2CCN(CCC=3C=CC=CC3)CC2)CC,11.0278678317624,0.40429935935851546,AUC <= 0.5,4,0.16225399417695238,0.2379260237618701,0.2978946113419916
298,O=C1NC=C(F)C(=O)N1,23.1034171035979,0.6186768310292402,AUC > 0.5,3,0.23798706287344654,0.31060556225789,0.3716588186572552
299,[Na].O=C(O)C(C1=CC=C2C=C(OC)C=CC2=C1)C,4.0129473187113,0.8307554714374109,AUC > 0.5,0,0.7107595923040281,0.9149635834640483,0.9913080235753875
300,CC1C=CC=C(C(=O)NC2=C(C(=C3C(=C2O)C(=C(C4=C3C(=O)C(O4)(OC=CC(C(C(C(C(C(C1O)C)O)C)OC(=O)C)C)OC)C)C)O)O)C=NN5CCN(CC5)C)C,9.05283757338551,0.5501174975363655,AUC > 0.5,2,0.36492257343550427,0.4376776721897336,0.4897965399610131
301,CC1C=CC=C(C(=O)NC2=C(C(=C3C(=C2O)C(=C(C4=C3C(=O)C(O4)(OC=CC(C(C(C(C(C(C1O)C)O)C)OC(=O)C)C)OC)C)C)O)O)C=NN5CCN(CC5)C)C,9.07045009784735,0.5697030964018132,AUC > 0.5,2,0.4959919410150895,0.565378552043422,0.5817468869731797
302,O=C1N=C(N)NC2=C1N=CN2C3OC(CO)C(O)C3O,8.11504367381285,0.5083335108611401,AUC > 0.5,4,0.23219149779348067,0.3694460993790698,0.452552678513558
303,O=C1N=C(N)NC2=C1N=CN2C3OC(CO)C(O)C3O,3.96932276711236,0.49030898246021365,AUC <= 0.5,4,0.4204514013678915,0.5472525497246109,0.646254071661237
304,O=C1N=C(N)NC2=C1N=CN2C3OC(CO)C(O)C3O,7.04113924022468,0.5281009991466363,AUC > 0.5,4,0.2605921052656209,0.35699248121149785,0.4631203007646147
305,O=C1N=C(N)NC2=C1N=CN2C3OC(CO)C(O)C3O,3.29641350197784,0.49038957361758795,AUC <= 0.5,4,0.3970087719341175,0.558195983393357,0.7278947368420101
306,O=C(OC)C1=C(NC(=C(C(=O)OC)C1C=2C=CC=CC2N(=O)=O)C)C,18.1134268789444,0.5778689541405337,AUC > 0.5,4,0.12247568353240519,0.17353124841891288,0.22604546794888522
307,O=C(OC)C1=C(NC(=C(C(=O)OC)C1C=2C=CC=CC2N(=O)=O)C)C,22.0170734546583,0.4064875656804692,AUC <= 0.5,4,0.02715653413468938,0.03950359686431755,0.06700831302393231
308,Cl.S1C=2C=CC=CC2N(C3=CC(SC)=CC=C13)CCC4N(C)CCCC4,41.805359661495,0.5627229578228977,AUC > 0.5,2,0.025348594642072755,0.1191699604743072,0.13837597478901723
309,Cl.S1C=2C=CC=CC2N(C3=CC(SC)=CC=C13)CCC4N(C)CCCC4,21.0120894642598,0.5041603805989682,AUC > 0.5,2,0.04288157332193248,0.058507909362975785,0.07497743682310483
310,Cl.S1C=2C=CC=CC2N(C3=CC(SC)=CC=C13)CCC4N(C)CCCC4,41.805359661495,0.7825159413458583,AUC > 0.5,2,0.05259387351778658,0.4711242863416795,0.5277681708388223
311,Cl.S1C=2C=CC=CC2N(C3=CC(SC)=CC=C13)CCC4N(C)CCCC4,41.9155183343899,0.8088796262589468,AUC > 0.5,2,0.10812261450381645,0.15360225940530714,0.2205790485343584
312,Cl.O=C(N)C=1C(=O)C2(O)C(O)=C3C(=O)C=4C(O)=CC=CC4C(C)C3C(O)C2C(C1O)N(C)C.O.OCC,7.99674703755828,0.6443572023878402,AUC > 0.5,2,0.4404873380388338,0.5147086344782758,0.6429071492669819
313,O=C1C=CC2(C(=C1)CCC3C4CC(C)C(O)(C(=O)CO)C4(C)CC(O)C32F)C,20.8552262018059,0.8592221368604547,AUC > 0.5,0,0.4599938022931518,0.6059295564845523,0.6909531894251761
314,O=C(NC1=CC(O)=C(C=C1C(C)(C)C)C(C)(C)C)C2=CNC=3C=CC=CC3C2=O,42.1626984126984,0.48911479976606026,AUC <= 0.5,2,0.10626384092098394,0.18767922553636807,0.2265803244374672
315,O=C(NC1=CC(O)=C(C=C1C(C)(C)C)C(C)(C)C)C2=CNC=3C=CC=CC3C2=O,42.063492063492,0.42462968859532185,AUC <= 0.5,2,0.0481208791208796,0.10865978344000304,0.13264963973755192
316,O=C(NC1=CC(O)=C(C=C1C(C)(C)C)C(C)(C)C)C2=CNC=3C=CC=CC3C2=O,42.3011654713114,0.8016992493880947,AUC > 0.5,2,0.4814277003484323,0.6355075017946874,0.7029550910408545
317,O=C(NC1=CC(O)=C(C=C1C(C)(C)C)C(C)(C)C)C2=CNC=3C=CC=CC3C2=O,42.1349282073956,0.6173534567212869,AUC > 0.5,2,0.2531111111111105,0.4040000000000004,0.464961866307761
318,O=C(NC1=CC(O)=C(C=C1C(C)(C)C)C(C)(C)C)C2=CNC=3C=CC=CC3C2=O,42.0241558260222,0.5863298710142444,AUC > 0.5,2,0.37923265670309997,0.48693453217195815,0.5195512459127293
319,O=C(NC1=CC(O)=C(C=C1C(C)(C)C)C(C)(C)C)C2=CNC=3C=CC=CC3C2=O,42.1043394542336,0.5773624366325696,AUC > 0.5,2,0.32491497737449837,0.47016819004938243,0.5063493406001782
320,O=C(OC1=CC=CC(=C1)C(N(C)C)C)N(C)CC,31.0589684926577,0.7701558080946116,AUC > 0.5,2,0.4556483540667388,0.6427158746919858,0.7034099925713467
321,O=C1OCC2=C1CCC3(C)C2CC4OC45C(O)C6(OC6C7OC753)C(C)C,28.0270970883519,0.5908920913246611,AUC > 0.5,0,0.1314034641575542,0.16995477122006664,0.20721301922916785
