fold,method,readable,signature,n conditions,time only,train support,valid coverage,train effect,valid effect,valid effect CI low,valid effect CI high,enough coverage,same direction,CI excludes 0,validated,time window coverage,formulation effect in window,formulation CI low,formulation CI high,formulation part holds,raw rule,phase,evidence,evidence reason,folds replicated
0,Early phase tree (depth 3),IF Drug Encapsulation Efficiency is not Low AND Polymer MW is not Low AND Drug Loading Capacity is not clearly Low,"(('Drug Encapsulation Efficiency is Low', 'low'), ('Drug Loading Capacity is Low', 'low'), ('Polymer MW is Low', 'low'))",3,False,0.1671497584541063,0.1419,-0.17946802152295713,0.016586359464118017,-0.29298925819338106,0.3233153844193201,True,False,False,False,1.0,0.016586359464118017,-0.3000152238106556,0.331705132119167,False,Drug Encapsulation Efficiency is Low <= 0.0205805 and Polymer MW is Low <= 0.0909091 and Drug Loading Capacity is Low <= 0.990265,Early,rejected,"failed held-out test: direction, CI excludes 0",0
0,Early phase tree (depth 3),IF Drug Encapsulation Efficiency is not Low AND Polymer MW is not Low AND Drug Loading Capacity is mostly Low,"(('Drug Encapsulation Efficiency is Low', 'low'), ('Drug Loading Capacity is Low', 'high'), ('Polymer MW is Low', 'low'))",3,False,0.030917874396135265,0.0338,0.0261053258621676,0.209551725376408,,,False,True,False,False,1.0,0.209551725376408,0.03543982160793701,0.26324235770979443,True,Drug Encapsulation Efficiency is Low <= 0.0205805 and Polymer MW is Low <= 0.0909091 and Drug Loading Capacity is Low > 0.990265,Early,rejected,"failed held-out test: coverage, CI excludes 0",0
0,Early phase tree (depth 3),IF Drug Encapsulation Efficiency is not Low AND Polymer MW has some Low AND Drug MW is not clearly Low,"(('Drug Encapsulation Efficiency is Low', 'low'), ('Drug MW is Low', 'low'), ('Polymer MW is Low', 'high'))",3,False,0.14492753623188406,0.2297,-0.07307154355410789,-0.17850416053661183,-0.36095515627314995,-0.13330854452222607,True,True,True,True,1.0,-0.17850416053661183,-0.3511864239250049,-0.13208599489204045,True,Drug Encapsulation Efficiency is Low <= 0.0205805 and Polymer MW is Low > 0.0909091 and Drug MW is Low <= 0.67311,Early,candidate,passed its own fold but replicated in only 1/3 required folds,1
0,Early phase tree (depth 3),IF Drug Encapsulation Efficiency is not Low AND Polymer MW has some Low AND Drug MW is mostly Low,"(('Drug Encapsulation Efficiency is Low', 'low'), ('Drug MW is Low', 'high'), ('Polymer MW is Low', 'high'))",3,False,0.09371980676328502,0.0372,0.03095915787807299,-0.032080598528597126,,,False,False,False,False,1.0,-0.032080598528597126,-0.31630404798492084,0.0259877620186669,False,Drug Encapsulation Efficiency is Low <= 0.0205805 and Polymer MW is Low > 0.0909091 and Drug MW is Low > 0.67311,Early,rejected,"failed held-out test: coverage, direction, CI excludes 0",0
0,Early phase tree (depth 3),IF Drug Encapsulation Efficiency has some Low AND Polymer MW is not clearly Low AND Drug Encapsulation Efficiency is not clearly Medium,"(('Drug Encapsulation Efficiency is Low', 'high'), ('Drug Encapsulation Efficiency is Medium', 'low'), ('Polymer MW is Low', 'low'))",3,False,0.3285024154589372,0.5034,-0.024542281923298187,0.10869192283458279,-0.17256354451541528,0.19952649474001902,True,False,False,False,1.0,0.10869192283458279,-0.17304847385240413,0.20115587932260137,False,Drug Encapsulation Efficiency is Low > 0.0205805 and Polymer MW is Low <= 0.945455 and Drug Encapsulation Efficiency is Medium <= 0.880211,Early,rejected,"failed held-out test: direction, CI excludes 0",0
0,Early phase tree (depth 3),IF Drug Encapsulation Efficiency has some Low AND Polymer MW is not clearly Low AND Drug Encapsulation Efficiency is mostly Medium,"(('Drug Encapsulation Efficiency is Low', 'high'), ('Drug Encapsulation Efficiency is Medium', 'high'), ('Polymer MW is Low', 'low'))",3,False,0.05893719806763285,0.0,0.13113088302404177,,,,False,False,False,False,,,,,False,Drug Encapsulation Efficiency is Low > 0.0205805 and Polymer MW is Low <= 0.945455 and Drug Encapsulation Efficiency is Medium > 0.880211,Early,rejected,"failed held-out test: coverage, direction, CI excludes 0",0
0,Early phase tree (depth 3),IF Drug Encapsulation Efficiency has some Low AND Polymer MW is mostly Low AND Formulation Method = W/O/W ≤ 0.5,"(('Drug Encapsulation Efficiency is Low', 'high'), ('Formulation Method = W/O/W', 'low'), ('Polymer MW is Low', 'high'))",3,False,0.11884057971014493,0.0541,0.09492078374150381,-0.06447304058902253,-0.3250500147173771,0.12493357605001795,True,False,False,False,1.0,-0.06447304058902253,-0.31548286148631693,0.12481596875375224,False,Drug Encapsulation Efficiency is Low > 0.0205805 and Polymer MW is Low > 0.945455 and Formulation Method = W/O/W <= 0.5,Early,rejected,"failed held-out test: direction, CI excludes 0",0
0,Early phase tree (depth 3),IF Drug Encapsulation Efficiency has some Low AND Polymer MW is mostly Low AND Formulation Method = W/O/W > 0.5,"(('Drug Encapsulation Efficiency is Low', 'high'), ('Formulation Method = W/O/W', 'high'), ('Polymer MW is Low', 'high'))",3,False,0.057004830917874394,0.0,0.35025990213204805,,,,False,False,False,False,,,,,False,Drug Encapsulation Efficiency is Low > 0.0205805 and Polymer MW is Low > 0.945455 and Formulation Method = W/O/W > 0.5,Early,rejected,"failed held-out test: coverage, direction, CI excludes 0",0
1,Early phase tree (depth 3),IF Drug Encapsulation Efficiency is not clearly High AND Formulation Method = W/O/W ≤ 0.5 AND Initial Drug-to-Polymer Ratio is not Medium,"(('Drug Encapsulation Efficiency is High', 'low'), ('Formulation Method = W/O/W', 'low'), ('Initial Drug-to-Polymer Ratio is Medium', 'low'))",3,False,0.4972924187725632,0.4798,0.06596548301952082,0.1686200729148864,0.0706961998821359,0.28499256216951235,True,True,True,True,1.0,0.1686200729148864,0.06982857836555482,0.285253553966939,True,Drug Encapsulation Efficiency is High <= 0.65373 and Formulation Method = W/O/W <= 0.5 and Initial Drug-to-Polymer Ratio is Medium <= 0.34208,Early,candidate,passed its own fold but replicated in only 1/3 required folds,1
1,Early phase tree (depth 3),IF Drug Encapsulation Efficiency is not clearly High AND Formulation Method = W/O/W ≤ 0.5 AND Initial Drug-to-Polymer Ratio has some Medium,"(('Drug Encapsulation Efficiency is High', 'low'), ('Formulation Method = W/O/W', 'low'), ('Initial Drug-to-Polymer Ratio is Medium', 'high'))",3,False,0.09386281588447654,0.0448,-0.09293097724708127,-0.1427862265881898,,,False,True,False,False,1.0,-0.1427862265881898,-0.2554645162915304,-0.06265234421249656,True,Drug Encapsulation Efficiency is High <= 0.65373 and Formulation Method = W/O/W <= 0.5 and Initial Drug-to-Polymer Ratio is Medium > 0.34208,Early,rejected,"failed held-out test: coverage, CI excludes 0",0
1,Early phase tree (depth 3),IF Drug Encapsulation Efficiency is not clearly High AND Formulation Method = W/O/W > 0.5 AND Drug Loading Capacity is not clearly Low,"(('Drug Encapsulation Efficiency is High', 'low'), ('Drug Loading Capacity is Low', 'low'), ('Formulation Method = W/O/W', 'high'))",3,False,0.07129963898916968,0.0538,0.32509128582956603,0.05709447765687975,-0.12738267784550372,0.18476466606972203,True,True,False,False,1.0,0.05709447765687975,-0.12629809807233863,0.17712739885806122,False,Drug Encapsulation Efficiency is High <= 0.65373 and Formulation Method = W/O/W > 0.5 and Drug Loading Capacity is Low <= 0.946292,Early,rejected,failed held-out test: CI excludes 0,0
1,Early phase tree (depth 3),IF Drug Encapsulation Efficiency is not clearly High AND Formulation Method = W/O/W > 0.5 AND Drug Loading Capacity is mostly Low,"(('Drug Encapsulation Efficiency is High', 'low'), ('Drug Loading Capacity is Low', 'high'), ('Formulation Method = W/O/W', 'high'))",3,False,0.04783393501805054,0.0314,-0.06377729978249383,-0.07632815688039445,,,False,True,False,False,1.0,-0.07632815688039445,-0.1884213817039624,-0.005080085581048625,True,Drug Encapsulation Efficiency is High <= 0.65373 and Formulation Method = W/O/W > 0.5 and Drug Loading Capacity is Low > 0.946292,Early,rejected,"failed held-out test: coverage, CI excludes 0",0
1,Early phase tree (depth 3),IF Drug Encapsulation Efficiency is mostly High AND Solubility Enhancer Concentration is not Medium AND Drug LogP is not clearly Medium,"(('Drug Encapsulation Efficiency is High', 'high'), ('Drug LogP is Medium', 'low'), ('Solubility Enhancer Concentration is Medium', 'low'))",3,False,0.18592057761732853,0.2063,-0.17364794155275454,-0.09488839715999063,-0.2278536390462208,0.032960442616264435,True,True,False,False,1.0,-0.09488839715999063,-0.2208055600895925,0.034067688985979956,False,Drug Encapsulation Efficiency is High > 0.65373 and Solubility Enhancer Concentration is Medium <= 0.0172414 and Drug LogP is Medium <= 0.736333,Early,rejected,failed held-out test: CI excludes 0,0
1,Early phase tree (depth 3),IF Drug Encapsulation Efficiency is mostly High AND Solubility Enhancer Concentration is not Medium AND Drug LogP is mostly Medium,"(('Drug Encapsulation Efficiency is High', 'high'), ('Drug LogP is Medium', 'high'), ('Solubility Enhancer Concentration is Medium', 'low'))",3,False,0.027978339350180504,0.009,-0.007274984513220895,-0.08907348967613678,,,False,True,False,False,1.0,-0.08907348967613678,-0.1890626572010249,-0.02147273819073509,True,Drug Encapsulation Efficiency is High > 0.65373 and Solubility Enhancer Concentration is Medium <= 0.0172414 and Drug LogP is Medium > 0.736333,Early,rejected,"failed held-out test: coverage, CI excludes 0",0
1,Early phase tree (depth 3),IF Drug Encapsulation Efficiency is mostly High AND Solubility Enhancer Concentration has some Medium AND Solubility Enhancer Concentration is not clearly Medium,"(('Drug Encapsulation Efficiency is High', 'high'), ('Solubility Enhancer Concentration is Medium', 'high'), ('Solubility Enhancer Concentration is Medium', 'low'))",3,False,0.027978339350180504,0.0,0.04278931738505015,,,,False,False,False,False,,,,,False,Drug Encapsulation Efficiency is High > 0.65373 and Solubility Enhancer Concentration is Medium > 0.0172414 and Solubility Enhancer Concentration is Medium <= 0.603774,Early,rejected,"failed held-out test: coverage, direction, CI excludes 0",0
1,Early phase tree (depth 3),IF Drug Encapsulation Efficiency is mostly High AND Solubility Enhancer Concentration is mostly Medium,"(('Drug Encapsulation Efficiency is High', 'high'), ('Solubility Enhancer Concentration is Medium', 'high'))",2,False,0.04783393501805054,0.1749,-0.041536641181530415,-0.14018686099460598,-0.20762062527487596,0.01596954783238974,True,True,False,False,1.0,-0.14018686099460598,-0.20953512831884819,0.014370329044652899,False,Drug Encapsulation Efficiency is High > 0.65373 and Solubility Enhancer Concentration is Medium > 0.603774,Early,rejected,failed held-out test: CI excludes 0,0
2,Early phase tree (depth 3),IF Drug Encapsulation Efficiency is not High AND Drug MW is not clearly Medium AND Initial Drug-to-Polymer Ratio is not Medium,"(('Drug Encapsulation Efficiency is High', 'low'), ('Drug MW is Medium', 'low'), ('Initial Drug-to-Polymer Ratio is Medium', 'low'))",3,False,0.37561942517343905,0.618,0.06660868761573335,0.035649365118342435,-0.08756734312595636,0.10721715271840368,True,True,False,False,1.0,0.035649365118342435,-0.08236867682080946,0.1017023512005722,False,Drug Encapsulation Efficiency is High <= 0.318398 and Drug MW is Medium <= 0.787266 and Initial Drug-to-Polymer Ratio is Medium <= 0.0552501,Early,rejected,failed held-out test: CI excludes 0,0
2,Early phase tree (depth 3),IF Drug Encapsulation Efficiency is not High AND Drug MW is not clearly Medium AND Initial Drug-to-Polymer Ratio has some Medium,"(('Drug Encapsulation Efficiency is High', 'low'), ('Drug MW is Medium', 'low'), ('Initial Drug-to-Polymer Ratio is Medium', 'high'))",3,False,0.0753221010901883,0.1211,-0.07590775626604475,0.07309287416166965,-0.16305942166001144,0.31899809856425687,True,False,False,False,1.0,0.07309287416166965,-0.1630132184135524,0.3177996502519524,False,Drug Encapsulation Efficiency is High <= 0.318398 and Drug MW is Medium <= 0.787266 and Initial Drug-to-Polymer Ratio is Medium > 0.0552501,Early,rejected,"failed held-out test: direction, CI excludes 0",0
2,Early phase tree (depth 3),IF Drug Encapsulation Efficiency is not High AND Drug MW is mostly Medium AND Drug Loading Capacity is not clearly Medium,"(('Drug Encapsulation Efficiency is High', 'low'), ('Drug Loading Capacity is Medium', 'low'), ('Drug MW is Medium', 'high'))",3,False,0.14866204162537167,0.0652,0.10699016999218727,-0.07527742977468496,-0.14558834593821252,0.04618417309796329,True,False,False,False,1.0,-0.07527742977468496,-0.1507945093326726,0.04775003565895165,False,Drug Encapsulation Efficiency is High <= 0.318398 and Drug MW is Medium > 0.787266 and Drug Loading Capacity is Medium <= 0.735925,Early,rejected,"failed held-out test: direction, CI excludes 0",0
2,Early phase tree (depth 3),IF Drug Encapsulation Efficiency is not High AND Drug MW is mostly Medium AND Drug Loading Capacity is mostly Medium,"(('Drug Encapsulation Efficiency is High', 'low'), ('Drug Loading Capacity is Medium', 'high'), ('Drug MW is Medium', 'high'))",3,False,0.02973240832507433,0.0093,0.24970418161747499,-0.1989944696645452,,,False,False,False,False,1.0,-0.1989944696645452,-0.27034718558229964,-0.09032231505876381,True,Drug Encapsulation Efficiency is High <= 0.318398 and Drug MW is Medium > 0.787266 and Drug Loading Capacity is Medium > 0.735925,Early,rejected,"failed held-out test: coverage, direction, CI excludes 0",0
2,Early phase tree (depth 3),IF Drug Encapsulation Efficiency has some High AND Drug TPSA is not clearly Medium AND Solubility Enhancer Concentration is not Medium,"(('Drug Encapsulation Efficiency is High', 'high'), ('Drug TPSA is Medium', 'low'), ('Solubility Enhancer Concentration is Medium', 'low'))",3,False,0.267591674925669,0.1863,-0.12315012414118899,-0.06444333467234498,-0.1931497589878078,0.10613338713074694,True,True,False,False,1.0,-0.06444333467234498,-0.19792977537312823,0.10576240327254126,False,Drug Encapsulation Efficiency is High > 0.318398 and Drug TPSA is Medium <= 0.935449 and Solubility Enhancer Concentration is Medium <= 0.177419,Early,rejected,failed held-out test: CI excludes 0,0
2,Early phase tree (depth 3),IF Drug Encapsulation Efficiency has some High AND Drug TPSA is not clearly Medium AND Solubility Enhancer Concentration has some Medium,"(('Drug Encapsulation Efficiency is High', 'high'), ('Drug TPSA is Medium', 'low'), ('Solubility Enhancer Concentration is Medium', 'high'))",3,False,0.05054509415262636,0.0,0.03914482130997232,,,,False,False,False,False,,,,,False,Drug Encapsulation Efficiency is High > 0.318398 and Drug TPSA is Medium <= 0.935449 and Solubility Enhancer Concentration is Medium > 0.177419,Early,rejected,"failed held-out test: coverage, direction, CI excludes 0",0
2,Early phase tree (depth 3),IF Drug Encapsulation Efficiency has some High AND Drug TPSA is mostly Medium,"(('Drug Encapsulation Efficiency is High', 'high'), ('Drug TPSA is Medium', 'high'))",2,False,0.05252725470763132,0.0,-0.17726331783306415,,,,False,False,False,False,,,,,False,Drug Encapsulation Efficiency is High > 0.318398 and Drug TPSA is Medium > 0.935449,Early,rejected,"failed held-out test: coverage, direction, CI excludes 0",0
3,Early phase tree (depth 3),IF Drug Encapsulation Efficiency is not clearly High AND Particle Size is not clearly Low AND Drug LogP is not clearly High,"(('Drug Encapsulation Efficiency is High', 'low'), ('Drug LogP is High', 'low'), ('Particle Size is Low', 'low'))",3,False,0.42857142857142855,0.3017,0.04482982994758533,0.07840494106444496,-0.06063106728624143,0.16751896685636578,True,True,False,False,1.0,0.07840494106444496,-0.058419923653938326,0.1669228414205728,False,Drug Encapsulation Efficiency is High <= 0.712343 and Particle Size is Low <= 0.908211 and Drug LogP is High <= 0.637228,Early,rejected,failed held-out test: CI excludes 0,0
3,Early phase tree (depth 3),IF Drug Encapsulation Efficiency is not clearly High AND Particle Size is not clearly Low AND Drug LogP is mostly High,"(('Drug Encapsulation Efficiency is High', 'low'), ('Drug LogP is High', 'high'), ('Particle Size is Low', 'low'))",3,False,0.08098271155595996,0.069,-0.11253781834219369,0.034549210347341125,-0.09154056554778256,0.15808974414613158,True,False,False,False,1.0,0.034549210347341125,-0.08859244221299829,0.15806575219451482,False,Drug Encapsulation Efficiency is High <= 0.712343 and Particle Size is Low <= 0.908211 and Drug LogP is High > 0.637228,Early,rejected,"failed held-out test: direction, CI excludes 0",0
3,Early phase tree (depth 3),IF Drug Encapsulation Efficiency is not clearly High AND Particle Size is mostly Low AND Polymer MW is not Medium,"(('Drug Encapsulation Efficiency is High', 'low'), ('Particle Size is Low', 'high'), ('Polymer MW is Medium', 'low'))",3,False,0.1637852593266606,0.1034,0.19290619357620917,0.133847291125431,-0.05635493696491714,0.26919723438390464,True,True,False,False,1.0,0.133847291125431,-0.05479087195015496,0.26987116173549697,False,Drug Encapsulation Efficiency is High <= 0.712343 and Particle Size is Low > 0.908211 and Polymer MW is Medium <= 0.442105,Early,rejected,failed held-out test: CI excludes 0,0
3,Early phase tree (depth 3),IF Drug Encapsulation Efficiency is not clearly High AND Particle Size is mostly Low AND Polymer MW has some Medium,"(('Drug Encapsulation Efficiency is High', 'low'), ('Particle Size is Low', 'high'), ('Polymer MW is Medium', 'high'))",3,False,0.059144676979071886,0.0345,-0.03145432736722531,-0.12989089600838113,,,False,True,False,False,1.0,-0.12989089600838113,-0.18162971778685205,-0.07474486995488977,True,Drug Encapsulation Efficiency is High <= 0.712343 and Particle Size is Low > 0.908211 and Polymer MW is Medium > 0.442105,Early,rejected,"failed held-out test: coverage, CI excludes 0",0
3,Early phase tree (depth 3),IF Drug Encapsulation Efficiency is mostly High AND Particle Size is not Medium AND Initial Drug-to-Polymer Ratio is not Medium,"(('Drug Encapsulation Efficiency is High', 'high'), ('Initial Drug-to-Polymer Ratio is Medium', 'low'), ('Particle Size is Medium', 'low'))",3,False,0.09645131938125569,0.2672,-0.025513506224197097,-0.033397449258404946,-0.13013652275040333,0.10189071577747237,True,True,False,False,1.0,-0.033397449258404946,-0.1372878753516746,0.10050818684219512,False,Drug Encapsulation Efficiency is High > 0.712343 and Particle Size is Medium <= 0.0420212 and Initial Drug-to-Polymer Ratio is Medium <= 0.200697,Early,rejected,failed held-out test: CI excludes 0,0
3,Early phase tree (depth 3),IF Drug Encapsulation Efficiency is mostly High AND Particle Size is not Medium AND Initial Drug-to-Polymer Ratio has some Medium,"(('Drug Encapsulation Efficiency is High', 'high'), ('Initial Drug-to-Polymer Ratio is Medium', 'high'), ('Particle Size is Medium', 'low'))",3,False,0.03366696997270246,0.0948,-0.16605482802596655,-0.1260732026021459,-0.1931876407298186,-0.06365451869992596,True,True,True,True,1.0,-0.1260732026021459,-0.19636971569122452,-0.06394341892096181,True,Drug Encapsulation Efficiency is High > 0.712343 and Particle Size is Medium <= 0.0420212 and Initial Drug-to-Polymer Ratio is Medium > 0.200697,Early,candidate,passed its own fold but replicated in only 1/3 required folds,1
3,Early phase tree (depth 3),IF Drug Encapsulation Efficiency is mostly High AND Particle Size has some Medium AND Polymer MW is not Medium,"(('Drug Encapsulation Efficiency is High', 'high'), ('Particle Size is Medium', 'high'), ('Polymer MW is Medium', 'low'))",3,False,0.0818926296633303,0.1293,-0.11739950464202478,-0.08406732394007373,-0.19046244825378014,-0.0025568562187502047,True,True,True,True,1.0,-0.08406732394007373,-0.18986884773423168,-0.010303681131295333,True,Drug Encapsulation Efficiency is High > 0.712343 and Particle Size is Medium > 0.0420212 and Polymer MW is Medium <= 0.486842,Early,candidate,passed its own fold but replicated in only 1/3 required folds,1
3,Early phase tree (depth 3),IF Drug Encapsulation Efficiency is mostly High AND Particle Size has some Medium AND Polymer MW has some Medium,"(('Drug Encapsulation Efficiency is High', 'high'), ('Particle Size is Medium', 'high'), ('Polymer MW is Medium', 'high'))",3,False,0.055505004549590536,0.0,-0.206404030159524,,,,False,False,False,False,,,,,False,Drug Encapsulation Efficiency is High > 0.712343 and Particle Size is Medium > 0.0420212 and Polymer MW is Medium > 0.486842,Early,rejected,"failed held-out test: coverage, direction, CI excludes 0",0
4,Early phase tree (depth 3),IF Drug Encapsulation Efficiency is not High AND Drug TPSA is not Medium AND Formulation Method = W/O/W ≤ 0.5,"(('Drug Encapsulation Efficiency is High', 'low'), ('Drug TPSA is Medium', 'low'), ('Formulation Method = W/O/W', 'low'))",3,False,0.43522833178005593,0.6318,0.09484788808562,0.04857506641587203,-0.029872578412601335,0.0941120205607909,True,True,False,False,1.0,0.04857506641587203,-0.02641839119216245,0.09319426115363495,False,Drug Encapsulation Efficiency is High <= 0.484389 and Drug TPSA is Medium <= 0.302799 and Formulation Method = W/O/W <= 0.5,Early,rejected,failed held-out test: CI excludes 0,0
4,Early phase tree (depth 3),IF Drug Encapsulation Efficiency is not High AND Drug TPSA is not Medium AND Formulation Method = W/O/W > 0.5,"(('Drug Encapsulation Efficiency is High', 'low'), ('Drug TPSA is Medium', 'low'), ('Formulation Method = W/O/W', 'high'))",3,False,0.10065237651444547,0.0891,0.22716942633160156,0.023815802420980164,-0.16752593632122476,0.13034019338403746,True,True,False,False,1.0,0.023815802420980164,-0.16409711025956183,0.13032763769242747,False,Drug Encapsulation Efficiency is High <= 0.484389 and Drug TPSA is Medium <= 0.302799 and Formulation Method = W/O/W > 0.5,Early,rejected,failed held-out test: CI excludes 0,0
4,Early phase tree (depth 3),IF Drug Encapsulation Efficiency is not High AND Drug TPSA has some Medium AND Drug MW is not High,"(('Drug Encapsulation Efficiency is High', 'low'), ('Drug MW is High', 'low'), ('Drug TPSA is Medium', 'high'))",3,False,0.08667287977632805,0.0465,-0.005855245357050842,-0.0620880916774469,,,False,True,False,False,1.0,-0.0620880916774469,-0.1242750002199478,0.005458080007863946,False,Drug Encapsulation Efficiency is High <= 0.484389 and Drug TPSA is Medium > 0.302799 and Drug MW is High <= 0.0104093,Early,rejected,"failed held-out test: coverage, CI excludes 0",0
4,Early phase tree (depth 3),IF Drug Encapsulation Efficiency is not High AND Drug TPSA has some Medium AND Drug MW has some High,"(('Drug Encapsulation Efficiency is High', 'low'), ('Drug MW is High', 'high'), ('Drug TPSA is Medium', 'high'))",3,False,0.05684995340167754,0.0,-0.16376748540975988,,,,False,False,False,False,,,,,False,Drug Encapsulation Efficiency is High <= 0.484389 and Drug TPSA is Medium > 0.302799 and Drug MW is High > 0.0104093,Early,rejected,"failed held-out test: coverage, direction, CI excludes 0",0
4,Early phase tree (depth 3),IF Drug Encapsulation Efficiency has some High AND Particle Size is not Medium AND Solubility Enhancer Concentration is not Medium,"(('Drug Encapsulation Efficiency is High', 'high'), ('Particle Size is Medium', 'low'), ('Solubility Enhancer Concentration is Medium', 'low'))",3,False,0.12954333643988816,0.0271,-0.13181779003857122,-0.09048359065923424,,,False,True,False,False,1.0,-0.09048359065923424,-0.16952433669679895,0.0012457723210869513,False,Drug Encapsulation Efficiency is High > 0.484389 and Particle Size is Medium <= 0.00263158 and Solubility Enhancer Concentration is Medium <= 0.0843373,Early,rejected,"failed held-out test: coverage, CI excludes 0",0
4,Early phase tree (depth 3),IF Drug Encapsulation Efficiency has some High AND Particle Size is not Medium AND Solubility Enhancer Concentration has some Medium,"(('Drug Encapsulation Efficiency is High', 'high'), ('Particle Size is Medium', 'low'), ('Solubility Enhancer Concentration is Medium', 'high'))",3,False,0.04380242311276794,0.0465,0.05914789824288755,0.04492650719817237,,,False,True,False,False,1.0,0.04492650719817237,-0.06444416190498109,0.15527159514969996,False,Drug Encapsulation Efficiency is High > 0.484389 and Particle Size is Medium <= 0.00263158 and Solubility Enhancer Concentration is Medium > 0.0843373,Early,rejected,"failed held-out test: coverage, CI excludes 0",0
4,Early phase tree (depth 3),IF Drug Encapsulation Efficiency has some High AND Particle Size has some Medium AND Polymer MW is not Low,"(('Drug Encapsulation Efficiency is High', 'high'), ('Particle Size is Medium', 'high'), ('Polymer MW is Low', 'low'))",3,False,0.08574091332712022,0.0543,-0.2032462605495058,-0.09538238956063556,-0.13980355583375714,0.01694920513274527,True,True,False,False,1.0,-0.09538238956063556,-0.1390191580893048,0.015181322304017641,False,Drug Encapsulation Efficiency is High > 0.484389 and Particle Size is Medium > 0.00263158 and Polymer MW is Low <= 0.0789474,Early,rejected,failed held-out test: CI excludes 0,0
4,Early phase tree (depth 3),IF Drug Encapsulation Efficiency has some High AND Particle Size has some Medium AND Polymer MW has some Low,"(('Drug Encapsulation Efficiency is High', 'high'), ('Particle Size is Medium', 'high'), ('Polymer MW is Low', 'high'))",3,False,0.06150978564771668,0.1047,-0.10938386141759532,-0.055385987914855286,-0.08472103380247331,0.043495194931382625,True,True,False,False,1.0,-0.055385987914855286,-0.0846118422938383,0.045465763730491944,False,Drug Encapsulation Efficiency is High > 0.484389 and Particle Size is Medium > 0.00263158 and Polymer MW is Low > 0.0789474,Early,rejected,failed held-out test: CI excludes 0,0
0,Middle phase tree (depth 3),IF Polymer MW is not clearly Medium AND Drug Encapsulation Efficiency is not Low AND Polymer MW is not clearly High,"(('Drug Encapsulation Efficiency is Low', 'low'), ('Polymer MW is High', 'low'), ('Polymer MW is Medium', 'low'))",3,False,0.28408327736736066,0.3073,0.011221376379717207,-0.1539885057275141,-0.3136891799990735,0.12770191491027502,True,False,False,False,1.0,-0.1539885057275141,-0.3241333842558502,0.12699575246512465,False,Polymer MW is Medium <= 0.977273 and Drug Encapsulation Efficiency is Low <= 0.0205805 and Polymer MW is High <= 0.958333,Middle,rejected,"failed held-out test: direction, CI excludes 0",0
0,Middle phase tree (depth 3),IF Polymer MW is not clearly Medium AND Drug Encapsulation Efficiency is not Low AND Polymer MW is mostly High,"(('Drug Encapsulation Efficiency is Low', 'low'), ('Polymer MW is High', 'high'), ('Polymer MW is Medium', 'low'))",3,False,0.1343183344526528,0.1788,-0.2236223335732428,-0.2817733009508116,-0.6165350210713008,0.24131188228010172,True,True,False,False,1.0,-0.2817733009508116,-0.6169310489580223,0.2489676336125022,False,Polymer MW is Medium <= 0.977273 and Drug Encapsulation Efficiency is Low <= 0.0205805 and Polymer MW is High > 0.958333,Middle,rejected,failed held-out test: CI excludes 0,0
0,Middle phase tree (depth 3),IF Polymer MW is not clearly Medium AND Drug Encapsulation Efficiency has some Low AND Drug MW is not Medium,"(('Drug Encapsulation Efficiency is Low', 'high'), ('Drug MW is Medium', 'low'), ('Polymer MW is Medium', 'low'))",3,False,0.3351242444593687,0.0781,0.2560379065269052,0.019669041200691906,-0.17837144561494161,0.2906589652483807,True,True,False,False,1.0,0.019669041200691906,-0.18560209838055106,0.3009246745911577,False,Polymer MW is Medium <= 0.977273 and Drug Encapsulation Efficiency is Low > 0.0205805 and Drug MW is Medium <= 0.0214936,Middle,rejected,failed held-out test: CI excludes 0,0
0,Middle phase tree (depth 3),IF Polymer MW is not clearly Medium AND Drug Encapsulation Efficiency has some Low AND Drug MW has some Medium,"(('Drug Encapsulation Efficiency is Low', 'high'), ('Drug MW is Medium', 'high'), ('Polymer MW is Medium', 'low'))",3,False,0.14775016789791806,0.4282,-0.007719572436848732,0.28468971270435633,-0.4918928202791717,0.3675875965950833,True,False,False,False,1.0,0.28468971270435633,-0.489541092347823,0.3668003051594156,False,Polymer MW is Medium <= 0.977273 and Drug Encapsulation Efficiency is Low > 0.0205805 and Drug MW is Medium > 0.0214936,Middle,rejected,"failed held-out test: direction, CI excludes 0",0
0,Middle phase tree (depth 3),IF Polymer MW is mostly Medium AND Drug MW is not Medium AND Drug Loading Capacity is not clearly High,"(('Drug Loading Capacity is High', 'low'), ('Drug MW is Medium', 'low'), ('Polymer MW is Medium', 'high'))",3,False,0.036937541974479515,0.0076,-0.3862670917506589,0.4051592523193085,,,False,False,False,False,1.0,0.4051592523193085,0.2705885942430606,0.4366288249042746,True,Polymer MW is Medium > 0.977273 and Drug MW is Medium <= 0.099706 and Drug Loading Capacity is High <= 0.877524,Middle,rejected,"failed held-out test: coverage, direction, CI excludes 0",0
0,Middle phase tree (depth 3),IF Polymer MW is mostly Medium AND Drug MW is not Medium AND Drug Loading Capacity is mostly High,"(('Drug Loading Capacity is High', 'high'), ('Drug MW is Medium', 'low'), ('Polymer MW is Medium', 'high'))",3,False,0.03425117528542646,0.0,-0.47466994424226855,,,,False,False,False,False,,,,,False,Polymer MW is Medium > 0.977273 and Drug MW is Medium <= 0.099706 and Drug Loading Capacity is High > 0.877524,Middle,rejected,"failed held-out test: coverage, direction, CI excludes 0",0
0,Middle phase tree (depth 3),IF Polymer MW is mostly Medium AND Drug MW has some Medium,"(('Drug MW is Medium', 'high'), ('Polymer MW is Medium', 'high'))",2,False,0.027535258562793822,0.0,-0.1088800207591693,,,,False,False,False,False,,,,,False,Polymer MW is Medium > 0.977273 and Drug MW is Medium > 0.099706,Middle,rejected,"failed held-out test: coverage, direction, CI excludes 0",0
1,Middle phase tree (depth 3),IF Drug Encapsulation Efficiency is not clearly High AND Polymer MW is not Low AND Drug MW is not clearly Low,"(('Drug Encapsulation Efficiency is High', 'low'), ('Drug MW is Low', 'low'), ('Polymer MW is Low', 'low'))",3,False,0.2155453951665578,0.231,-0.11817823623543589,-0.11212617287174714,-0.3844017542331108,0.15788321459004892,True,True,False,False,1.0,-0.11212617287174714,-0.3957425303673451,0.15380499778894546,False,Drug Encapsulation Efficiency is High <= 0.613038 and Polymer MW is Low <= 0.447368 and Drug MW is Low <= 0.987402,Middle,rejected,failed held-out test: CI excludes 0,0
1,Middle phase tree (depth 3),IF Drug Encapsulation Efficiency is not clearly High AND Polymer MW is not Low AND Drug MW is mostly Low,"(('Drug Encapsulation Efficiency is High', 'low'), ('Drug MW is Low', 'high'), ('Polymer MW is Low', 'low'))",3,False,0.20117570215545394,0.0169,0.13090516316155498,-0.1933612388420104,,,False,False,False,False,1.0,-0.1933612388420104,-0.3723680257007803,-0.007162618882871188,True,Drug Encapsulation Efficiency is High <= 0.613038 and Polymer MW is Low <= 0.447368 and Drug MW is Low > 0.987402,Middle,rejected,"failed held-out test: coverage, direction, CI excludes 0",0
1,Middle phase tree (depth 3),IF Drug Encapsulation Efficiency is not clearly High AND Polymer MW has some Low AND Polymer MW is not clearly Low,"(('Drug Encapsulation Efficiency is High', 'low'), ('Polymer MW is Low', 'high'), ('Polymer MW is Low', 'low'))",3,False,0.08948399738732854,0.0423,0.26262593479924523,0.027661471272993288,,,False,True,False,False,1.0,0.027661471272993288,-0.41528272251858145,0.397395052935362,False,Drug Encapsulation Efficiency is High <= 0.613038 and Polymer MW is Low > 0.447368 and Polymer MW is Low <= 0.652632,Middle,rejected,"failed held-out test: coverage, CI excludes 0",0
1,Middle phase tree (depth 3),IF Drug Encapsulation Efficiency is not clearly High AND Polymer MW is mostly Low,"(('Drug Encapsulation Efficiency is High', 'low'), ('Polymer MW is Low', 'high'))",2,False,0.15545395166557804,0.2817,0.14561308330629386,0.44879528923328765,0.1755141568798589,0.6156632551135455,True,True,True,True,1.0,0.44879528923328765,0.17711865222058762,0.6161568466032,True,Drug Encapsulation Efficiency is High <= 0.613038 and Polymer MW is Low > 0.652632,Middle,candidate,passed its own fold but replicated in only 1/3 required folds,1
1,Middle phase tree (depth 3),IF Drug Encapsulation Efficiency is mostly High AND Polymer MW is not clearly High AND Drug LogP is not Medium,"(('Drug Encapsulation Efficiency is High', 'high'), ('Drug LogP is Medium', 'low'), ('Polymer MW is High', 'low'))",3,False,0.1907250163291966,0.1972,-0.1253261736111938,-0.383559150843918,-0.48774337742618623,-0.09821839373083334,True,True,True,True,1.0,-0.383559150843918,-0.49039590097384544,-0.08664677630862291,True,Drug Encapsulation Efficiency is High > 0.613038 and Polymer MW is High <= 0.966667 and Drug LogP is Medium <= 0.159167,Middle,candidate,passed its own fold but replicated in only 1/3 required folds,1
1,Middle phase tree (depth 3),IF Drug Encapsulation Efficiency is mostly High AND Polymer MW is not clearly High AND Drug LogP has some Medium,"(('Drug Encapsulation Efficiency is High', 'high'), ('Drug LogP is Medium', 'high'), ('Polymer MW is High', 'low'))",3,False,0.051600261267145654,0.1042,0.05927426976672434,0.1959168696745111,-0.33103125511516707,0.3848572582587186,True,True,False,False,1.0,0.1959168696745111,-0.30061144533362205,0.39136000772631985,False,Drug Encapsulation Efficiency is High > 0.613038 and Polymer MW is High <= 0.966667 and Drug LogP is Medium > 0.159167,Middle,rejected,failed held-out test: CI excludes 0,0
1,Middle phase tree (depth 3),IF Drug Encapsulation Efficiency is mostly High AND Polymer MW is mostly High AND Drug TPSA is not clearly Low,"(('Drug Encapsulation Efficiency is High', 'high'), ('Drug TPSA is Low', 'low'), ('Polymer MW is High', 'high'))",3,False,0.06923579359895493,0.0028,-0.3477684269629844,-0.10193232826872711,,,False,True,False,False,1.0,-0.10193232826872711,-0.33115243158011953,0.08113238929935596,False,Drug Encapsulation Efficiency is High > 0.613038 and Polymer MW is High > 0.966667 and Drug TPSA is Low <= 0.766572,Middle,rejected,"failed held-out test: coverage, CI excludes 0",0
1,Middle phase tree (depth 3),IF Drug Encapsulation Efficiency is mostly High AND Polymer MW is mostly High AND Drug TPSA is mostly Low,"(('Drug Encapsulation Efficiency is High', 'high'), ('Drug TPSA is Low', 'high'), ('Polymer MW is High', 'high'))",3,False,0.026779882429784456,0.1239,-0.10419837637292861,-0.24024168546813782,-0.45065177688876706,-0.0391429695669099,True,True,True,True,1.0,-0.24024168546813782,-0.4599027022566324,-0.030441527805437872,True,Drug Encapsulation Efficiency is High > 0.613038 and Polymer MW is High > 0.966667 and Drug TPSA is Low > 0.766572,Middle,candidate,passed its own fold but replicated in only 1/3 required folds,1
2,Middle phase tree (depth 3),IF Polymer MW is not clearly Low AND Drug TPSA is not clearly Medium AND Drug Encapsulation Efficiency is not High,"(('Drug Encapsulation Efficiency is High', 'low'), ('Drug TPSA is Medium', 'low'), ('Polymer MW is Low', 'low'))",3,False,0.2902072909220872,0.5585,0.048600462853488735,-0.03928770301648565,-0.2547034480878612,0.07183510303606194,True,False,False,False,1.0,-0.03928770301648565,-0.24793170021170777,0.07623963079949035,False,Polymer MW is Low <= 0.559524 and Drug TPSA is Medium <= 0.59095 and Drug Encapsulation Efficiency is High <= 0.489208,Middle,rejected,"failed held-out test: direction, CI excludes 0",1
2,Middle phase tree (depth 3),IF Polymer MW is not clearly Low AND Drug TPSA is not clearly Medium AND Drug Encapsulation Efficiency has some High,"(('Drug Encapsulation Efficiency is High', 'high'), ('Drug TPSA is Medium', 'low'), ('Polymer MW is Low', 'low'))",3,False,0.21801286633309508,0.0637,-0.21594844650986328,-0.09877260422134648,-0.38362280235559443,0.08632745964124963,True,True,False,False,1.0,-0.09877260422134648,-0.4009276733208973,0.07108165338279349,False,Polymer MW is Low <= 0.559524 and Drug TPSA is Medium <= 0.59095 and Drug Encapsulation Efficiency is High > 0.489208,Middle,rejected,failed held-out test: CI excludes 0,0
2,Middle phase tree (depth 3),IF Polymer MW is not clearly Low AND Drug TPSA is mostly Medium AND Drug Encapsulation Efficiency is not clearly High,"(('Drug Encapsulation Efficiency is High', 'low'), ('Drug TPSA is Medium', 'high'), ('Polymer MW is Low', 'low'))",3,False,0.04431736954967834,0.0287,-0.35435103283741964,-0.1778733010195776,,,False,True,False,False,1.0,-0.1778733010195776,-0.23454779607097256,-0.032893483086454955,True,Polymer MW is Low <= 0.559524 and Drug TPSA is Medium > 0.59095 and Drug Encapsulation Efficiency is High <= 0.650979,Middle,rejected,"failed held-out test: coverage, CI excludes 0",0
2,Middle phase tree (depth 3),IF Polymer MW is not clearly Low AND Drug TPSA is mostly Medium AND Drug Encapsulation Efficiency is mostly High,"(('Drug Encapsulation Efficiency is High', 'high'), ('Drug TPSA is Medium', 'high'), ('Polymer MW is Low', 'low'))",3,False,0.036454610436025735,0.0,-0.4570425380574789,,,,False,False,False,False,,,,,False,Polymer MW is Low <= 0.559524 and Drug TPSA is Medium > 0.59095 and Drug Encapsulation Efficiency is High > 0.650979,Middle,rejected,"failed held-out test: coverage, direction, CI excludes 0",0
2,Middle phase tree (depth 3),IF Polymer MW is mostly Low AND Drug Encapsulation Efficiency is not Low AND Particle Size is not clearly Medium,"(('Drug Encapsulation Efficiency is Low', 'low'), ('Particle Size is Medium', 'low'), ('Polymer MW is Low', 'high'))",3,False,0.15511079342387418,0.1458,0.05117171126306974,0.03597521041512686,-0.060250604242032456,0.20391448567566028,True,True,False,False,1.0,0.03597521041512686,-0.05801105613117738,0.2147728020338238,False,Polymer MW is Low > 0.559524 and Drug Encapsulation Efficiency is Low <= 0.338485 and Particle Size is Medium <= 0.733035,Middle,rejected,failed held-out test: CI excludes 0,0
2,Middle phase tree (depth 3),IF Polymer MW is mostly Low AND Drug Encapsulation Efficiency is not Low AND Particle Size is mostly Medium,"(('Drug Encapsulation Efficiency is Low', 'low'), ('Particle Size is Medium', 'high'), ('Polymer MW is Low', 'high'))",3,False,0.03788420300214439,0.0,-0.10973005879766295,,,,False,False,False,False,,,,,False,Polymer MW is Low > 0.559524 and Drug Encapsulation Efficiency is Low <= 0.338485 and Particle Size is Medium > 0.733035,Middle,rejected,"failed held-out test: coverage, direction, CI excludes 0",0
2,Middle phase tree (depth 3),IF Polymer MW is mostly Low AND Drug Encapsulation Efficiency has some Low AND Drug MW is not clearly Medium,"(('Drug Encapsulation Efficiency is Low', 'high'), ('Drug MW is Medium', 'low'), ('Polymer MW is Low', 'high'))",3,False,0.1093638313080772,0.1951,0.23016002164744664,0.10661642179934927,-0.08857249972880914,0.27988992782361016,True,True,False,False,1.0,0.10661642179934927,-0.09463301481255897,0.28164097633512236,False,Polymer MW is Low > 0.559524 and Drug Encapsulation Efficiency is Low > 0.338485 and Drug MW is Medium <= 0.849003,Middle,rejected,failed held-out test: CI excludes 0,0
2,Middle phase tree (depth 3),IF Polymer MW is mostly Low AND Drug Encapsulation Efficiency has some Low AND Drug MW is mostly Medium,"(('Drug Encapsulation Efficiency is Low', 'high'), ('Drug MW is Medium', 'high'), ('Polymer MW is Low', 'high'))",3,False,0.10864903502501787,0.0082,0.33808312310192784,-0.0834823797102836,,,False,False,False,False,1.0,-0.0834823797102836,-0.14269699436725322,0.07032715277370533,False,Polymer MW is Low > 0.559524 and Drug Encapsulation Efficiency is Low > 0.338485 and Drug MW is Medium > 0.849003,Middle,rejected,"failed held-out test: coverage, direction, CI excludes 0",0
3,Middle phase tree (depth 3),IF Drug TPSA is not clearly Medium AND Drug Encapsulation Efficiency is not High AND Polymer MW is not Low,"(('Drug Encapsulation Efficiency is High', 'low'), ('Drug TPSA is Medium', 'low'), ('Polymer MW is Low', 'low'))",3,False,0.29446640316205536,0.2609,0.03534717962835465,0.13876090077541803,0.032793886473647324,0.3016599748454607,True,True,True,True,1.0,0.13876090077541803,0.027928704270986007,0.3010520190756118,True,Drug TPSA is Medium <= 0.981255 and Drug Encapsulation Efficiency is High <= 0.156356 and Polymer MW is Low <= 0.447368,Middle,candidate,passed its own fold but replicated in only 1/3 required folds,1
3,Middle phase tree (depth 3),IF Drug TPSA is not clearly Medium AND Drug Encapsulation Efficiency is not High AND Polymer MW has some Low,"(('Drug Encapsulation Efficiency is High', 'low'), ('Drug TPSA is Medium', 'low'), ('Polymer MW is Low', 'high'))",3,False,0.2615283267457181,0.0543,0.273245845443093,0.2304933095220285,-0.056397191420185115,0.5074614097969836,True,True,False,False,1.0,0.2304933095220285,-0.05154576711560713,0.5009762807963606,False,Drug TPSA is Medium <= 0.981255 and Drug Encapsulation Efficiency is High <= 0.156356 and Polymer MW is Low > 0.447368,Middle,rejected,failed held-out test: CI excludes 0,0
3,Middle phase tree (depth 3),IF Drug TPSA is not clearly Medium AND Drug Encapsulation Efficiency has some High AND Polymer MW is not clearly High,"(('Drug Encapsulation Efficiency is High', 'high'), ('Drug TPSA is Medium', 'low'), ('Polymer MW is High', 'low'))",3,False,0.2549407114624506,0.4565,-0.017431424353440028,-0.036315106227814975,-0.22928839418343597,0.17195976436189303,True,True,False,False,1.0,-0.036315106227814975,-0.23269606919468766,0.17314783841490122,False,Drug TPSA is Medium <= 0.981255 and Drug Encapsulation Efficiency is High > 0.156356 and Polymer MW is High <= 0.966667,Middle,rejected,failed held-out test: CI excludes 0,0
3,Middle phase tree (depth 3),IF Drug TPSA is not clearly Medium AND Drug Encapsulation Efficiency has some High AND Polymer MW is mostly High,"(('Drug Encapsulation Efficiency is High', 'high'), ('Drug TPSA is Medium', 'low'), ('Polymer MW is High', 'high'))",3,False,0.12318840579710146,0.2283,-0.2568598600381157,-0.16798166105241663,-0.3871706738113688,0.10705471934086892,True,True,False,False,1.0,-0.16798166105241663,-0.38289422962011066,0.11597232970426559,False,Drug TPSA is Medium <= 0.981255 and Drug Encapsulation Efficiency is High > 0.156356 and Polymer MW is High > 0.966667,Middle,rejected,failed held-out test: CI excludes 0,0
3,Middle phase tree (depth 3),IF Drug TPSA is mostly Medium AND Drug Encapsulation Efficiency is not clearly High,"(('Drug Encapsulation Efficiency is High', 'low'), ('Drug TPSA is Medium', 'high'))",2,False,0.032279314888010543,0.0,-0.4155916374653372,,,,False,False,False,False,,,,,False,Drug TPSA is Medium > 0.981255 and Drug Encapsulation Efficiency is High <= 0.869405,Middle,rejected,"failed held-out test: coverage, direction, CI excludes 0",0
3,Middle phase tree (depth 3),IF Drug TPSA is mostly Medium AND Drug Encapsulation Efficiency is mostly High,"(('Drug Encapsulation Efficiency is High', 'high'), ('Drug TPSA is Medium', 'high'))",2,False,0.03359683794466403,0.0,-0.49521474620300837,,,,False,False,False,False,,,,,False,Drug TPSA is Medium > 0.981255 and Drug Encapsulation Efficiency is High > 0.869405,Middle,rejected,"failed held-out test: coverage, direction, CI excludes 0",0
4,Middle phase tree (depth 3),IF Drug Encapsulation Efficiency is not Low AND Drug TPSA is not clearly Medium AND Initial Drug-to-Polymer Ratio is not Medium,"(('Drug Encapsulation Efficiency is Low', 'low'), ('Drug TPSA is Medium', 'low'), ('Initial Drug-to-Polymer Ratio is Medium', 'low'))",3,False,0.3497199751088986,0.2437,-0.07200433106525972,0.05245414937661719,-0.03743810841016234,0.17628438133741373,True,False,False,False,1.0,0.05245414937661719,-0.03989326487068803,0.1772850920533316,False,Drug Encapsulation Efficiency is Low <= 0.129795 and Drug TPSA is Medium <= 0.974131 and Initial Drug-to-Polymer Ratio is Medium <= 0.0860129,Middle,rejected,"failed held-out test: direction, CI excludes 0",0
4,Middle phase tree (depth 3),IF Drug Encapsulation Efficiency is not Low AND Drug TPSA is not clearly Medium AND Initial Drug-to-Polymer Ratio has some Medium,"(('Drug Encapsulation Efficiency is Low', 'low'), ('Drug TPSA is Medium', 'low'), ('Initial Drug-to-Polymer Ratio is Medium', 'high'))",3,False,0.09271935283136279,0.1434,-0.3008716052439692,-0.031161373553083682,-0.3386258432591531,0.04387652311410919,True,True,False,False,1.0,-0.031161373553083682,-0.3332198527578638,0.041688442312857954,False,Drug Encapsulation Efficiency is Low <= 0.129795 and Drug TPSA is Medium <= 0.974131 and Initial Drug-to-Polymer Ratio is Medium > 0.0860129,Middle,rejected,failed held-out test: CI excludes 0,0
4,Middle phase tree (depth 3),IF Drug Encapsulation Efficiency is not Low AND Drug TPSA is mostly Medium AND Drug Loading Capacity is not Medium,"(('Drug Encapsulation Efficiency is Low', 'low'), ('Drug Loading Capacity is Medium', 'low'), ('Drug TPSA is Medium', 'high'))",3,False,0.0224019912881145,0.0,-0.49971158538371213,,,,False,False,False,False,,,,,False,Drug Encapsulation Efficiency is Low <= 0.129795 and Drug TPSA is Medium > 0.974131 and Drug Loading Capacity is Medium <= 0.0117254,Middle,rejected,"failed held-out test: coverage, direction, CI excludes 0",0
4,Middle phase tree (depth 3),IF Drug Encapsulation Efficiency is not Low AND Drug TPSA is mostly Medium AND Drug Loading Capacity has some Medium,"(('Drug Encapsulation Efficiency is Low', 'low'), ('Drug Loading Capacity is Medium', 'high'), ('Drug TPSA is Medium', 'high'))",3,False,0.02862476664592408,0.0,-0.43548744478738577,,,,False,False,False,False,,,,,False,Drug Encapsulation Efficiency is Low <= 0.129795 and Drug TPSA is Medium > 0.974131 and Drug Loading Capacity is Medium > 0.0117254,Middle,rejected,"failed held-out test: coverage, direction, CI excludes 0",0
4,Middle phase tree (depth 3),IF Drug Encapsulation Efficiency has some Low AND Polymer MW is not clearly Medium AND Polymer MW is not clearly High,"(('Drug Encapsulation Efficiency is Low', 'high'), ('Polymer MW is High', 'low'), ('Polymer MW is Medium', 'low'))",3,False,0.26757934038581205,0.1075,0.29189280736728707,0.10563636675304144,-0.06126769694786519,0.2607174653529706,True,True,False,False,1.0,0.10563636675304144,-0.05868765623957721,0.2565237987533282,False,Drug Encapsulation Efficiency is Low > 0.129795 and Polymer MW is Medium <= 0.552632 and Polymer MW is High <= 0.966667,Middle,rejected,failed held-out test: CI excludes 0,0
4,Middle phase tree (depth 3),IF Drug Encapsulation Efficiency has some Low AND Polymer MW is not clearly Medium AND Polymer MW is mostly High,"(('Drug Encapsulation Efficiency is Low', 'high'), ('Polymer MW is High', 'high'), ('Polymer MW is Medium', 'low'))",3,False,0.1897946484131923,0.2581,0.09835462189391475,0.02202291445565807,-0.13627469318344812,0.15595091007211662,True,True,False,False,1.0,0.02202291445565807,-0.140456520798261,0.15839104001155105,False,Drug Encapsulation Efficiency is Low > 0.129795 and Polymer MW is Medium <= 0.552632 and Polymer MW is High > 0.966667,Middle,rejected,failed held-out test: CI excludes 0,0
4,Middle phase tree (depth 3),IF Drug Encapsulation Efficiency has some Low AND Polymer MW is mostly Medium AND Drug MW is not High,"(('Drug Encapsulation Efficiency is Low', 'high'), ('Drug MW is High', 'low'), ('Polymer MW is Medium', 'high'))",3,False,0.019290603609209707,0.2043,0.09192657418915273,-0.08544127287933945,-0.19575235363242408,0.054019749069127314,True,False,False,False,1.0,-0.08544127287933945,-0.19707189074002318,0.04728120175638235,False,Drug Encapsulation Efficiency is Low > 0.129795 and Polymer MW is Medium > 0.552632 and Drug MW is High <= 0.0764108,Middle,rejected,"failed held-out test: direction, CI excludes 0",0
4,Middle phase tree (depth 3),IF Drug Encapsulation Efficiency has some Low AND Polymer MW is mostly Medium AND Drug MW has some High,"(('Drug Encapsulation Efficiency is Low', 'high'), ('Drug MW is High', 'high'), ('Polymer MW is Medium', 'high'))",3,False,0.029869321717486,0.043,-0.3220141731404258,-0.15320496684313767,,,False,True,False,False,1.0,-0.15320496684313767,-0.3827006984018222,-0.07842141389415762,True,Drug Encapsulation Efficiency is Low > 0.129795 and Polymer MW is Medium > 0.552632 and Drug MW is High > 0.0764108,Middle,rejected,"failed held-out test: coverage, CI excludes 0",0
0,Late phase tree (depth 3),IF Drug MW is not clearly Low AND Initial Drug-to-Polymer Ratio is not Medium AND Particle Size is not clearly Medium,"(('Drug MW is Low', 'low'), ('Initial Drug-to-Polymer Ratio is Medium', 'low'), ('Particle Size is Medium', 'low'))",3,False,0.5651846269781462,0.3589,-0.03921635716412242,0.02374502499274589,-0.26947307714227464,0.293444073019368,True,False,False,False,1.0,0.02374502499274589,-0.26956252643313355,0.3062046015013219,False,Drug MW is Low <= 0.935791 and Initial Drug-to-Polymer Ratio is Medium <= 0.0555556 and Particle Size is Medium <= 0.885333,Late,rejected,"failed held-out test: direction, CI excludes 0",0
0,Late phase tree (depth 3),IF Drug MW is not clearly Low AND Initial Drug-to-Polymer Ratio is not Medium AND Particle Size is mostly Medium,"(('Drug MW is Low', 'low'), ('Initial Drug-to-Polymer Ratio is Medium', 'low'), ('Particle Size is Medium', 'high'))",3,False,0.06480783722682742,0.2027,0.10138444329594964,-0.04401415347746507,-0.11028088269591584,0.024447616928462455,True,False,False,False,1.0,-0.04401415347746507,-0.11089189602786323,0.01981963005524168,False,Drug MW is Low <= 0.935791 and Initial Drug-to-Polymer Ratio is Medium <= 0.0555556 and Particle Size is Medium > 0.885333,Late,rejected,"failed held-out test: direction, CI excludes 0",0
0,Late phase tree (depth 3),IF Drug MW is not clearly Low AND Initial Drug-to-Polymer Ratio has some Medium AND Drug Loading Capacity is not Low,"(('Drug Loading Capacity is Low', 'low'), ('Drug MW is Low', 'low'), ('Initial Drug-to-Polymer Ratio is Medium', 'high'))",3,False,0.1333835719668425,0.3041,-0.1560724907746136,0.08476213434826863,-0.025416155535588375,0.30048793461840206,True,False,False,False,1.0,0.08476213434826863,-0.00986712003028476,0.30554137460089703,False,Drug MW is Low <= 0.935791 and Initial Drug-to-Polymer Ratio is Medium > 0.0555556 and Drug Loading Capacity is Low <= 0.448691,Late,rejected,"failed held-out test: direction, CI excludes 0",0
0,Late phase tree (depth 3),IF Drug MW is not clearly Low AND Initial Drug-to-Polymer Ratio has some Medium AND Drug Loading Capacity has some Low,"(('Drug Loading Capacity is Low', 'high'), ('Drug MW is Low', 'low'), ('Initial Drug-to-Polymer Ratio is Medium', 'high'))",3,False,0.04220045214770158,0.0247,0.021520107990447013,0.2528026749678707,,,False,True,False,False,1.0,0.2528026749678707,0.20132895546015236,0.30383904471320977,True,Drug MW is Low <= 0.935791 and Initial Drug-to-Polymer Ratio is Medium > 0.0555556 and Drug Loading Capacity is Low > 0.448691,Late,rejected,"failed held-out test: coverage, CI excludes 0",0
0,Late phase tree (depth 3),IF Drug MW is mostly Low AND Polymer MW is not Medium AND Drug Encapsulation Efficiency is not clearly High,"(('Drug Encapsulation Efficiency is High', 'low'), ('Drug MW is Low', 'high'), ('Polymer MW is Medium', 'low'))",3,False,0.12434061793519216,0.1068,0.1840419989630947,-0.24241944550082167,-0.3829253542286813,0.29849003081998854,True,False,False,False,1.0,-0.24241944550082167,-0.3880212841704021,0.31878249420000815,False,Drug MW is Low > 0.935791 and Polymer MW is Medium <= 0.431818 and Drug Encapsulation Efficiency is High <= 0.644753,Late,rejected,"failed held-out test: direction, CI excludes 0",0
0,Late phase tree (depth 3),IF Drug MW is mostly Low AND Polymer MW is not Medium AND Drug Encapsulation Efficiency is mostly High,"(('Drug Encapsulation Efficiency is High', 'high'), ('Drug MW is Low', 'high'), ('Polymer MW is Medium', 'low'))",3,False,0.0452147701582517,0.0,0.05153951122490219,,,,False,False,False,False,,,,,False,Drug MW is Low > 0.935791 and Polymer MW is Medium <= 0.431818 and Drug Encapsulation Efficiency is High > 0.644753,Late,rejected,"failed held-out test: coverage, direction, CI excludes 0",0
0,Late phase tree (depth 3),IF Drug MW is mostly Low AND Polymer MW has some Medium,"(('Drug MW is Low', 'high'), ('Polymer MW is Medium', 'high'))",2,False,0.024868123587038434,0.0027,-0.06596982216514802,0.28098414434449714,,,False,False,False,False,1.0,0.28098414434449714,0.21923884350575368,0.49678314344795294,True,Drug MW is Low > 0.935791 and Polymer MW is Medium > 0.431818,Late,rejected,"failed held-out test: coverage, direction, CI excludes 0",0
1,Late phase tree (depth 3),IF Drug TPSA is not Low AND Drug Loading Capacity is not Medium,"(('Drug Loading Capacity is Medium', 'low'), ('Drug TPSA is Low', 'low'))",2,False,0.2834008097165992,0.4639,-0.0824373293738474,-0.020500003412272205,-0.1170786845286625,0.08717189568415955,True,True,False,False,1.0,-0.020500003412272205,-0.11541930656935492,0.08620441094860185,False,Drug TPSA is Low <= 0.270322 and Drug Loading Capacity is Medium <= 0.043685,Late,rejected,failed held-out test: CI excludes 0,0
1,Late phase tree (depth 3),IF Drug TPSA is not Low AND Drug Loading Capacity is not Medium AND Drug Loading Capacity has some Medium,"(('Drug Loading Capacity is Medium', 'high'), ('Drug Loading Capacity is Medium', 'low'), ('Drug TPSA is Low', 'low'))",3,False,0.024291497975708502,0.0,-0.41881777829804606,,,,False,False,False,False,,,,,False,Drug TPSA is Low <= 0.270322 and Drug Loading Capacity is Medium <= 0.050867 and Drug Loading Capacity is Medium > 0.043685,Late,rejected,"failed held-out test: coverage, direction, CI excludes 0",0
1,Late phase tree (depth 3),IF Drug TPSA is not Low AND Drug Loading Capacity has some Medium AND Drug Loading Capacity is not Low,"(('Drug Loading Capacity is Low', 'low'), ('Drug Loading Capacity is Medium', 'high'), ('Drug TPSA is Low', 'low'))",3,False,0.18866396761133603,0.2276,-0.04426886332475222,0.07760338740090189,-0.03176993559666975,0.19059875103772944,True,False,False,False,1.0,0.07760338740090189,-0.023239880254291037,0.19359513930267608,False,Drug TPSA is Low <= 0.270322 and Drug Loading Capacity is Medium > 0.050867 and Drug Loading Capacity is Low <= 0.317775,Late,rejected,"failed held-out test: direction, CI excludes 0",0
1,Late phase tree (depth 3),IF Drug TPSA is not Low AND Drug Loading Capacity has some Medium AND Drug Loading Capacity has some Low,"(('Drug Loading Capacity is Low', 'high'), ('Drug Loading Capacity is Medium', 'high'), ('Drug TPSA is Low', 'low'))",3,False,0.07044534412955465,0.0088,0.1545615710296655,0.2762906210010897,,,False,True,False,False,1.0,0.2762906210010897,0.20632758689636865,0.3061348944255843,True,Drug TPSA is Low <= 0.270322 and Drug Loading Capacity is Medium > 0.050867 and Drug Loading Capacity is Low > 0.317775,Late,rejected,"failed held-out test: coverage, CI excludes 0",0
1,Late phase tree (depth 3),IF Drug TPSA has some Low AND Drug LogP is not High AND Drug MW is not clearly Low,"(('Drug LogP is High', 'low'), ('Drug MW is Low', 'low'), ('Drug TPSA is Low', 'high'))",3,False,0.04939271255060729,0.0,0.04130220238963622,,,,False,False,False,False,,,,,False,Drug TPSA is Low > 0.270322 and Drug LogP is High <= 0.314686 and Drug MW is Low <= 0.819069,Late,rejected,"failed held-out test: coverage, direction, CI excludes 0",0
1,Late phase tree (depth 3),IF Drug TPSA has some Low AND Drug LogP is not High AND Drug MW is mostly Low,"(('Drug LogP is High', 'low'), ('Drug MW is Low', 'high'), ('Drug TPSA is Low', 'high'))",3,False,0.1417004048582996,0.0,0.17161226874339985,,,,False,False,False,False,,,,,False,Drug TPSA is Low > 0.270322 and Drug LogP is High <= 0.314686 and Drug MW is Low > 0.819069,Late,rejected,"failed held-out test: coverage, direction, CI excludes 0",0
1,Late phase tree (depth 3),IF Drug TPSA has some Low AND Drug LogP has some High AND Particle Size is not clearly Medium,"(('Drug LogP is High', 'high'), ('Drug TPSA is Low', 'high'), ('Particle Size is Medium', 'low'))",3,False,0.19433198380566802,0.2779,-0.04224085287213153,-0.038224281464351306,-0.13523775349597297,0.2119308502674276,True,True,False,False,1.0,-0.038224281464351306,-0.14120405467030114,0.22838010041275783,False,Drug TPSA is Low > 0.270322 and Drug LogP is High > 0.314686 and Particle Size is Medium <= 0.771349,Late,rejected,failed held-out test: CI excludes 0,0
1,Late phase tree (depth 3),IF Drug TPSA has some Low AND Drug LogP has some High AND Particle Size is mostly Medium,"(('Drug LogP is High', 'high'), ('Drug TPSA is Low', 'high'), ('Particle Size is Medium', 'high'))",3,False,0.04777327935222672,0.0219,0.15664609027836762,-0.15276607385044916,,,False,False,False,False,1.0,-0.15276607385044916,-0.2898731768068979,0.2924864684677802,False,Drug TPSA is Low > 0.270322 and Drug LogP is High > 0.314686 and Particle Size is Medium > 0.771349,Late,rejected,"failed held-out test: coverage, direction, CI excludes 0",0
2,Late phase tree (depth 3),IF LA/GA is not clearly High AND Drug MW is not Low AND Drug TPSA is not clearly Low,"(('Drug MW is Low', 'low'), ('Drug TPSA is Low', 'low'), ('LA/GA is High', 'low'))",3,False,0.5132867132867133,0.2939,-0.042472597996432215,-0.11339770309814046,-0.20360144681297515,0.0897070400031249,True,True,False,False,1.0,-0.11339770309814046,-0.20475947600060473,0.0982754137191339,False,LA/GA is High <= 0.659322 and Drug MW is Low <= 0.00569822 and Drug TPSA is Low <= 0.692803,Late,rejected,failed held-out test: CI excludes 0,0
2,Late phase tree (depth 3),IF LA/GA is not clearly High AND Drug MW is not Low AND Drug TPSA is mostly Low,"(('Drug MW is Low', 'low'), ('Drug TPSA is Low', 'high'), ('LA/GA is High', 'low'))",3,False,0.032867132867132866,0.084,0.174192215357184,0.021695942050584005,-0.04459639179586394,0.09253194864909092,True,True,False,False,1.0,0.021695942050584005,-0.047239886573282104,0.08801865825742054,False,LA/GA is High <= 0.659322 and Drug MW is Low <= 0.00569822 and Drug TPSA is Low > 0.692803,Late,rejected,failed held-out test: CI excludes 0,0
2,Late phase tree (depth 3),IF LA/GA is not clearly High AND Drug MW has some Low AND Particle Size is not clearly Low,"(('Drug MW is Low', 'high'), ('LA/GA is High', 'low'), ('Particle Size is Low', 'low'))",3,False,0.15664335664335666,0.2137,0.18383709718667873,0.12379075016511087,-0.0458894523893285,0.22121296559937254,True,True,False,False,1.0,0.12379075016511087,-0.040893854560009275,0.22600974025301743,False,LA/GA is High <= 0.659322 and Drug MW is Low > 0.00569822 and Particle Size is Low <= 0.572541,Late,rejected,failed held-out test: CI excludes 0,0
2,Late phase tree (depth 3),IF LA/GA is not clearly High AND Drug MW has some Low AND Particle Size is mostly Low,"(('Drug MW is Low', 'high'), ('LA/GA is High', 'low'), ('Particle Size is Low', 'high'))",3,False,0.0993006993006993,0.0267,0.01638364489247246,-0.1293860985534504,,,False,False,False,False,1.0,-0.1293860985534504,-0.1927227873703142,-0.06480374889305518,True,LA/GA is High <= 0.659322 and Drug MW is Low > 0.00569822 and Particle Size is Low > 0.572541,Late,rejected,"failed held-out test: coverage, direction, CI excludes 0",0
2,Late phase tree (depth 3),IF LA/GA is mostly High AND Polymer MW is not Low AND Drug TPSA is not clearly High,"(('Drug TPSA is High', 'low'), ('LA/GA is High', 'high'), ('Polymer MW is Low', 'low'))",3,False,0.1048951048951049,0.2023,-0.10617972973515744,0.011543759103576745,-0.2710334401667797,0.11822378763749213,True,False,False,False,1.0,0.011543759103576745,-0.2656087987930123,0.11348811620164748,False,LA/GA is High > 0.659322 and Polymer MW is Low <= 0.119048 and Drug TPSA is High <= 0.5,Late,rejected,"failed held-out test: direction, CI excludes 0",0
2,Late phase tree (depth 3),IF LA/GA is mostly High AND Polymer MW is not Low AND Drug TPSA is mostly High,"(('Drug TPSA is High', 'high'), ('LA/GA is High', 'high'), ('Polymer MW is Low', 'low'))",3,False,0.03426573426573427,0.0344,-0.35625975600455867,0.009867196671721645,,,False,False,False,False,1.0,0.009867196671721645,-0.05279909859076309,0.07334569896511965,False,LA/GA is High > 0.659322 and Polymer MW is Low <= 0.119048 and Drug TPSA is High > 0.5,Late,rejected,"failed held-out test: coverage, direction, CI excludes 0",0
2,Late phase tree (depth 3),IF LA/GA is mostly High AND Polymer MW has some Low AND Drug Encapsulation Efficiency is not Low,"(('Drug Encapsulation Efficiency is Low', 'low'), ('LA/GA is High', 'high'), ('Polymer MW is Low', 'high'))",3,False,0.03706293706293706,0.0115,0.05050579168135261,0.07660870377031215,,,False,True,False,False,1.0,0.07660870377031215,-0.19476082629412797,0.23220741697823133,False,LA/GA is High > 0.659322 and Polymer MW is Low > 0.119048 and Drug Encapsulation Efficiency is Low <= 0.0404991,Late,rejected,"failed held-out test: coverage, CI excludes 0",0
2,Late phase tree (depth 3),IF LA/GA is mostly High AND Polymer MW has some Low AND Drug Encapsulation Efficiency has some Low,"(('Drug Encapsulation Efficiency is Low', 'high'), ('LA/GA is High', 'high'), ('Polymer MW is Low', 'high'))",3,False,0.021678321678321677,0.1336,-0.0340255120180033,0.011810825598206565,-0.11518493071074001,0.08052581927471768,True,False,False,False,1.0,0.011810825598206565,-0.1126400381818012,0.0823394152709294,False,LA/GA is High > 0.659322 and Polymer MW is Low > 0.119048 and Drug Encapsulation Efficiency is Low > 0.0404991,Late,rejected,"failed held-out test: direction, CI excludes 0",0
3,Late phase tree (depth 3),IF Drug LogP is not clearly Medium AND Drug Loading Capacity is not Medium,"(('Drug Loading Capacity is Medium', 'low'), ('Drug LogP is Medium', 'low'))",2,False,0.5276724791508719,0.756,-0.05616286195824194,0.07193254141933414,-0.04033101456730374,0.18401069011222604,True,False,False,False,1.0,0.07193254141933414,-0.04927781182764615,0.18173917511973228,False,Drug LogP is Medium <= 0.565328 and Drug Loading Capacity is Medium <= 0.0408078,Late,rejected,"failed held-out test: direction, CI excludes 0",0
3,Late phase tree (depth 3),IF Drug LogP is not clearly Medium AND Drug Loading Capacity is not Medium AND Drug Loading Capacity has some Medium,"(('Drug Loading Capacity is Medium', 'high'), ('Drug Loading Capacity is Medium', 'low'), ('Drug LogP is Medium', 'low'))",3,False,0.022744503411675512,0.0,-0.4015911238777589,,,,False,False,False,False,,,,,False,Drug LogP is Medium <= 0.565328 and Drug Loading Capacity is Medium <= 0.052756 and Drug Loading Capacity is Medium > 0.0408078,Late,rejected,"failed held-out test: coverage, direction, CI excludes 0",0
3,Late phase tree (depth 3),IF Drug LogP is not clearly Medium AND Drug Loading Capacity has some Medium AND Particle Size is not clearly High,"(('Drug Loading Capacity is Medium', 'high'), ('Drug LogP is Medium', 'low'), ('Particle Size is High', 'low'))",3,False,0.2630780894617134,0.1099,-0.009980447779285417,-0.07268551616651486,-0.16360207099496424,0.12571264784406821,True,True,False,False,1.0,-0.07268551616651486,-0.16460884325368108,0.11496860789705478,False,Drug LogP is Medium <= 0.565328 and Drug Loading Capacity is Medium > 0.052756 and Particle Size is High <= 0.986507,Late,rejected,failed held-out test: CI excludes 0,0
3,Late phase tree (depth 3),IF Drug LogP is not clearly Medium AND Drug Loading Capacity has some Medium AND Particle Size is mostly High,"(('Drug Loading Capacity is Medium', 'high'), ('Drug LogP is Medium', 'low'), ('Particle Size is High', 'high'))",3,False,0.07505686125852919,0.0885,0.18754863538109023,-0.08069522705775045,-0.21002779598156757,0.15883417777220815,True,False,False,False,1.0,-0.08069522705775045,-0.21895506768144238,0.1554629553943737,False,Drug LogP is Medium <= 0.565328 and Drug Loading Capacity is Medium > 0.052756 and Particle Size is High > 0.986507,Late,rejected,"failed held-out test: direction, CI excludes 0",0
3,Late phase tree (depth 3),IF Drug LogP is mostly Medium AND Particle Size is not clearly Low AND Drug LogP is not clearly Medium,"(('Drug LogP is Medium', 'high'), ('Drug LogP is Medium', 'low'), ('Particle Size is Low', 'low'))",3,False,0.02577710386656558,0.0,0.2014673439826007,,,,False,False,False,False,,,,,False,Drug LogP is Medium > 0.565328 and Particle Size is Low <= 0.887291 and Drug LogP is Medium <= 0.741671,Late,rejected,"failed held-out test: coverage, direction, CI excludes 0",0
3,Late phase tree (depth 3),IF Drug LogP is mostly Medium AND Particle Size is not clearly Low,"(('Drug LogP is Medium', 'high'), ('Particle Size is Low', 'low'))",2,False,0.050037907505686124,0.0134,0.11566578381106296,0.08955393473444917,,,False,True,False,False,1.0,0.08955393473444917,0.005013786563116841,0.15690682981420145,True,Drug LogP is Medium > 0.741671 and Particle Size is Low <= 0.887291,Late,rejected,"failed held-out test: coverage, CI excludes 0",0
3,Late phase tree (depth 3),IF Drug LogP is mostly Medium AND Particle Size is mostly Low,"(('Drug LogP is Medium', 'high'), ('Particle Size is Low', 'high'))",2,False,0.0356330553449583,0.0322,0.0372821980395357,-0.026758177324049504,,,False,False,False,False,1.0,-0.026758177324049504,-0.11938523264921672,0.08155701612258781,False,Drug LogP is Medium > 0.565328 and Particle Size is Low > 0.887291,Late,rejected,"failed held-out test: coverage, direction, CI excludes 0",0
4,Late phase tree (depth 3),IF LA/GA is not clearly High AND Drug TPSA is not Low AND Drug Loading Capacity is not clearly High,"(('Drug Loading Capacity is High', 'low'), ('Drug TPSA is Low', 'low'), ('LA/GA is High', 'low'))",3,False,0.3081674673987646,0.5234,0.039464918233296675,-0.04044823555611987,-0.16640628675312802,0.1371535628338088,True,False,False,False,1.0,-0.04044823555611987,-0.15520560604078507,0.15306391231464564,False,LA/GA is High <= 0.5 and Drug TPSA is Low <= 0.419141 and Drug Loading Capacity is High <= 0.877606,Late,rejected,"failed held-out test: direction, CI excludes 0",0
4,Late phase tree (depth 3),IF LA/GA is not clearly High AND Drug TPSA is not Low AND Drug Loading Capacity is mostly High,"(('Drug Loading Capacity is High', 'high'), ('Drug TPSA is Low', 'low'), ('LA/GA is High', 'low'))",3,False,0.21002059025394645,0.017,-0.09269982531681331,-0.1451913023906699,,,False,True,False,False,1.0,-0.1451913023906699,-0.22097327479430512,-0.06810838602123999,True,LA/GA is High <= 0.5 and Drug TPSA is Low <= 0.419141 and Drug Loading Capacity is High > 0.877606,Late,rejected,"failed held-out test: coverage, CI excludes 0",0
4,Late phase tree (depth 3),IF LA/GA is not clearly High AND Drug TPSA has some Low AND Particle Size is not Low,"(('Drug TPSA is Low', 'high'), ('LA/GA is High', 'low'), ('Particle Size is Low', 'low'))",3,False,0.1523678792038435,0.2255,0.18238960704040297,0.0993799083718534,0.0026677745348760717,0.1706203270384049,True,True,True,True,1.0,0.0993799083718534,0.008112110498850947,0.17048515363455308,True,LA/GA is High <= 0.5 and Drug TPSA is Low > 0.419141 and Particle Size is Low <= 0.496316,Late,candidate,passed its own fold but replicated in only 1/3 required folds,1
4,Late phase tree (depth 3),IF LA/GA is not clearly High AND Drug TPSA has some Low AND Particle Size has some Low,"(('Drug TPSA is Low', 'high'), ('LA/GA is High', 'low'), ('Particle Size is Low', 'high'))",3,False,0.07618393960192175,0.1745,0.0023281060010098553,0.008336793594627911,-0.14755551182218657,0.1812692774035292,True,True,False,False,1.0,0.008336793594627911,-0.15176684253492762,0.17869415844723674,False,LA/GA is High <= 0.5 and Drug TPSA is Low > 0.419141 and Particle Size is Low > 0.496316,Late,rejected,failed held-out test: CI excludes 0,0
4,Late phase tree (depth 3),IF LA/GA is mostly High AND Drug MW is not clearly Low AND Drug Loading Capacity is not Low,"(('Drug Loading Capacity is Low', 'low'), ('Drug MW is Low', 'low'), ('LA/GA is High', 'high'))",3,False,0.11942347288949898,0.0298,-0.04956966707158805,-0.1784010473864711,,,False,True,False,False,1.0,-0.1784010473864711,-0.25794819221377935,-0.10503506534793536,True,LA/GA is High > 0.5 and Drug MW is Low <= 0.827316 and Drug Loading Capacity is Low <= 0.316327,Late,rejected,"failed held-out test: coverage, CI excludes 0",0
4,Late phase tree (depth 3),IF LA/GA is mostly High AND Drug MW is not clearly Low AND Drug Loading Capacity has some Low,"(('Drug Loading Capacity is Low', 'high'), ('Drug MW is Low', 'low'), ('LA/GA is High', 'high'))",3,False,0.04667124227865477,0.0298,0.07515753431706751,-0.03059506538074963,,,False,False,False,False,1.0,-0.03059506538074963,-0.10719946257888187,0.04423431778839889,False,LA/GA is High > 0.5 and Drug MW is Low <= 0.827316 and Drug Loading Capacity is Low > 0.316327,Late,rejected,"failed held-out test: coverage, direction, CI excludes 0",0
4,Late phase tree (depth 3),IF LA/GA is mostly High AND Drug MW is mostly Low AND Drug Encapsulation Efficiency is not clearly Low,"(('Drug Encapsulation Efficiency is Low', 'low'), ('Drug MW is Low', 'high'), ('LA/GA is High', 'high'))",3,False,0.06657515442690459,0.0,-0.10793287036216903,,,,False,False,False,False,,,,,False,LA/GA is High > 0.5 and Drug MW is Low > 0.827316 and Drug Encapsulation Efficiency is Low <= 0.5,Late,rejected,"failed held-out test: coverage, direction, CI excludes 0",0
4,Late phase tree (depth 3),IF LA/GA is mostly High AND Drug MW is mostly Low AND Drug Encapsulation Efficiency is mostly Low,"(('Drug Encapsulation Efficiency is Low', 'high'), ('Drug MW is Low', 'high'), ('LA/GA is High', 'high'))",3,False,0.02059025394646534,0.0,-0.4055105517801367,,,,False,False,False,False,,,,,False,LA/GA is High > 0.5 and Drug MW is Low > 0.827316 and Drug Encapsulation Efficiency is Low > 0.5,Late,rejected,"failed held-out test: coverage, direction, CI excludes 0",0
